Type,Subtype,Asset Value,Debt,Net Value,Change vs 2015,Change text,Probability of success,Probability of success (m-1),Stake,Latitude,Longitude,Notes
Net New Assets,New to Bank Clients,40000,0,30,0,No Change,0,0.25,1,38.7,-121.6,
Credits,Short | medium | long-term credit,360000,0,27,-16,No Change,0.75,0.5,1,35.42,-97.38,
Gross Revenue,DPM,180000,14.7,13,-16,Down,1,0.25,1,30.53,-91.15,
Credits,Yacht financing,90000,0,30,0,No Change,0.25,0.5,1,33.55,-113.17,
Gross Revenue,Advisory Services,250000,20,17.5,-5.5,Down,0.75,0.5,1,32.43,-99.85,
Gross Revenue,Advisory Services,90000,0,85,-3,Down,0,0.5,1,42.57,-71.6,
Credits,Lombard loans,120000,0,88,17,Up,1,0.5,1,40,-105.87,
Gross Revenue,DPM,320000,0,90,-10,Down,0,0.75,1,30.23,-81.68,
Credits,Lombard loans,300000,0,14.5,2.85,Up,0.5,0,1,41.47,-78.13,
Credits,Jet financing,360000,0,123,-229,Down,0.75,0.75,1,44.38,-74.2,
Credits,Short | medium | long-term credit,120000,18,69,-27,Down,0.75,1,0.5,26.65,-81.87,
Credits,Jet financing,60000,50,119,-39,Down,0.25,0.75,1,43.52,-112.07,
Gross Revenue,Execution Services,160000,18.5,206.5,-72,Down,1,0.25,1,45.55,-94.07,
Credits,Jet financing,400000,125,104,-97,Down,0.25,0.25,1,31.62,-91.25,
Gross Revenue,DPM,540000,0,230,-97,Down,0.75,1,1,47.97,-97.4,
Gross Revenue,Execution Services,30000,0,30,0,No Change,0.5,1,1,38.28,-104.52,
Credits,Lombard loans,630000,106,169,-25,Down,0.75,0,1,35.97,-89.95,
Credits,Short | medium | long-term credit,320000,0,300,0,No Change,0.75,0.25,2,35.05,-106.6,
Credits,Jet financing,280000,0,14.5,2.85,Up,0.25,1,1,39.9,-84.2,
Credits,Yacht financing,210000,10,390,-52,Down,1,0.5,1,39.37,-101.7,
Gross Revenue,DPM,320000,0,14.5,2.85,Up,0.25,1,1,42.75,-73.8,
Credits,Jet financing,240000,10,390,-52,Down,0,0.25,1,40.03,-74.35,
Credits,Yacht financing,360000,10,390,-52,Down,0.75,0.5,1,38.82,-94.88,
Gross Revenue,Execution Services,320000,10,390,-52,Down,1,0,1,41.7,-74.8,
Credits,Jet financing,450000,0,14.5,2.85,Up,0.75,0,1,41.02,-83.67,
Credits,Short | medium | long-term credit,120000,100,371,-159,Down,0,0.75,1,47.5,-111.18,
Net New Assets,Increase in Assets,320000,0,14.5,2.85,Up,0,0.25,1,41.17,-71.58,
Credits,Short | medium | long-term credit,250000,0,9,0.5,Up,0,0,1,39.62,-110.75,
Gross Revenue,Advisory Services,90000,0,14.5,2.85,Up,0,1,1,25.65,-80.43,
Credits,Yacht financing,250000,156,345,-28,Down,0.75,0.75,1,32.37,-95.4,
Gross Revenue,Advisory Services,30000,0,14.5,2.85,Up,0,0.5,1,33.63,-116.17,
Gross Revenue,Execution Services,450000,125,104,-97,Down,0.75,1,1,39.78,-121.85,
Credits,Jet financing,90000,0,14.5,2.85,Up,0,0.5,1,29.98,-99.08,
Credits,Lombard loans,630000,0,30,0,No Change,1,0.75,1,47.2,-119.32,
Credits,Lombard loans,200000,10,390,-52,Down,0.5,0.25,1,36.45,-103.15,
Gross Revenue,Advisory Services,180000,0,14.5,2.85,Up,0.5,0,1,36.42,-105.57,
Gross Revenue,Advisory Services,240000,408,23.68,0,No Change,0.25,0.5,0.04,41.93,-72.68,
Credits,Jet financing,150000,0,14,-8.75,Down,1,0,1,33.82,-118.15,
Gross Revenue,DPM,280000,0,30,0,No Change,1,0,1,40.03,-124.07,
Credits,Lombard loans,90000,0,30,0,No Change,1,0.75,1,39.83,-88.87,
Credits,Lombard loans,540000,589,316.8,32,Up,1,1,0.3,37.08,-113.6,
Gross Revenue,Execution Services,280000,950,408,-62,Down,0.25,1,0.3,42.17,-72.72,
Credits,Business financing,150000,0,3.5,0,No Change,0.25,0.75,1,38.88,-79.85,
Credits,Business financing,120000,0,85,-3,Down,0.75,0.75,1,39.65,-79.92,
Gross Revenue,Execution Services,180000,0,30,0,No Change,0,1,1,35.62,-106.08,
Credits,Business financing,630000,0,230,-97,Down,0.75,0.25,1,38.57,-90.15,
Credits,Lombard loans,160000,14.3,176.7,-27,Down,1,0.75,1,33.97,-80.47,
Gross Revenue,Advisory Services,90000,0,35,-27,Down,0.25,0,1,31.05,-93.2,
Net New Assets,Sale company,630000,0,14.5,2.85,Up,0.25,0.75,1,41.87,-87.62,
Credits,Short | medium | long-term credit,120000,0,14.5,2.85,Up,0.75,0,1,41.53,-93.65,
Credits,Business financing,320000,10,390,-52,Down,0.5,0,1,45.82,-88.12,
Credits,Jet financing,280000,0,38,21,Up,0,0.75,1,41.33,-111,
Credits,Short | medium | long-term credit,450000,0,150,-50,Down,0.75,0.5,1,41.68,-70.97,
Credits,Mortgage loans,160000,0,150,-50,Down,0,0.5,1,33.45,-88.58,
Credits,Mortgage loans,720000,0,150,-50,Down,0,0.5,1,36.74,-104.5,
Gross Revenue,Execution Services,360000,0,150,-50,Down,0,1,1,35.02,-110.73,
Credits,Jet financing,630000,0,150,-50,Down,0.75,0.5,1,42.2,-89.1,
Credits,Short | medium | long-term credit,60000,0,150,-50,Down,0.25,0.25,1,29.37,-100.92,
Credits,Jet financing,80000,0,150,-50,Down,0.5,0.25,1,28.03,-81.95,
Credits,Business financing,720000,0,150,-50,Down,0.25,0.75,1,32.9,-80.03,
Credits,Lombard loans,200000,0,150,-50,Down,0.5,0.25,1,39.47,-76.17,
Credits,Mortgage loans,60000,0,150,-50,Down,0.5,0.75,1,34.9,-82.22,
Gross Revenue,Execution Services,180000,0,150,-50,Down,0.75,0,1,30.35,-89.82,
Credits,Mortgage loans,270000,0,150,-50,Down,0.25,0,1,33.65,-84.42,
Credits,Jet financing,540000,0,150,-50,Down,0.5,0,1,42.9,-72.27,
Credits,Business financing,100000,0,150,-50,Down,0.25,0.5,1,45.17,-114.47,
Net New Assets,Sale company,160000,0,150,-50,Down,0,1,1,48.93,-95.35,
Credits,Jet financing,350000,0,150,-50,Down,0.75,0.75,1,38.65,-90.63,
Credits,Jet financing,60000,0,150,-50,Down,0.25,1,1,45.55,-72.33,
Credits,Jet financing,240000,0,150,-50,Down,0,1,1,43.58,-96.73,
Gross Revenue,Advisory Services,180000,0,150,-50,Down,1,0.75,1,39.42,-118.7,
Credits,Mortgage loans,180000,0,150,-50,Down,0,0.75,1,37.75,-92.13,
Gross Revenue,Execution Services,70000,0,150,-50,Down,0.5,1,1,37.15,-107.75,
Net New Assets,Sale company,280000,0,150,-50,Down,1,0.5,1,45.87,-95.38,
Net New Assets,Sale company,640000,0,150,-50,Down,0.25,0.25,1,43.12,-76.12,
Credits,Short | medium | long-term credit,270000,0,150,-50,Down,0,0.25,1,38.37,-110.72,
Credits,Short | medium | long-term credit,210000,0,150,-50,Down,0.75,0.25,1,47.38,-92.85,
Credits,Short | medium | long-term credit,320000,0,150,-50,Down,0.25,0.25,1,35.2,-120.95,
Credits,Lombard loans,270000,0,150,-50,Down,0.75,0.75,1,42.08,-87.82,
Net New Assets,New to Bank Clients,240000,0,150,-50,Down,0.25,0.75,1,46.1,-97.15,
Net New Assets,Increase in Assets,120000,0,150,-50,Down,0.75,0,1,41.45,-90.52,
Credits,Yacht financing,240000,0,150,-50,Down,0.25,0,1,37.93,-100.72,
Credits,Lombard loans,270000,0,150,-50,Down,0,0.75,1,39.37,-75.07,
Gross Revenue,DPM,300000,0,150,-50,Down,0.75,0.5,1,40.93,-90.43,
Net New Assets,Sale company,810000,0,150,-50,Down,0,0.5,1,45.87,-95.38,
Net New Assets,Increase in Assets,120000,0,150,-50,Down,0,0.25,1,30.38,-84.37,
Credits,Business financing,120000,0,150,-50,Down,0.5,0,1,30.58,-96.37,
Credits,Business financing,150000,0,150,-50,Down,1,0.5,1,42.17,-112.32,
Credits,Business financing,240000,0,150,-50,Down,0,0.5,1,47.32,-119.52,
Gross Revenue,Advisory Services,300000,0,150,-50,Down,0.5,1,1,37.83,-122.83,
Credits,Business financing,210000,0,150,-50,Down,0,1,1,29.53,-98.47,
Credits,Yacht financing,450000,0,150,-50,Down,1,0,1,41.57,-81.48,
Credits,Jet financing,640000,0,150,-50,Down,0.25,0.25,1,39.82,-82.93,
Net New Assets,Increase in Assets,30000,0,150,-50,Down,0,0.75,1,37.9,-121.25,
Gross Revenue,DPM,160000,0,150,-50,Down,1,0.5,1,41.9,-87.65,
Net New Assets,Increase in Assets,420000,0,150,-50,Down,0.5,0.5,1,39.65,-106.92,
Credits,Short | medium | long-term credit,490000,0,150,-50,Down,0,0.5,1,31.53,-82.52,
Net New Assets,Sale company,720000,0,150,-50,Down,0,0,1,46.47,-84.37,
Net New Assets,New to Bank Clients,60000,0,150,-50,Down,0.5,0.25,1,48.12,-123.5,
Gross Revenue,Advisory Services,270000,0,150,-50,Down,0,0.5,1,42.77,-84.6,
Credits,Short | medium | long-term credit,400000,0,150,-50,Down,0.25,1,1,42.23,-83.33,
Credits,Lombard loans,120000,0,150,-50,Down,0.25,0.75,1,40.08,-75.02,
Credits,Lombard loans,280000,0,150,-50,Down,0,0,1,30.65,-86.52,
Credits,Lombard loans,250000,0,150,-50,Down,1,1,1,40.5,-110.63,
Net New Assets,Increase in Assets,630000,0,150,-50,Down,0,1,1,38.87,-98.82,
Gross Revenue,Execution Services,240000,0,150,-50,Down,0.5,0,1,34.43,-100.28,
Credits,Lombard loans,240000,0,150,-50,Down,0.75,0,1,29.53,-98.28,
Gross Revenue,Execution Services,240000,0,150,-50,Down,0.25,0.5,1,41.93,-72.68,
Credits,Lombard loans,150000,0,150,-50,Down,0,0.75,1,34.67,-99.27,
Credits,Mortgage loans,160000,0,150,-50,Down,0.75,0.5,1,34.35,-85.17,
Credits,Yacht financing,360000,0,150,-50,Down,0.25,0.75,1,46.67,-113.15,
Net New Assets,Increase in Assets,360000,0,150,-50,Down,0.75,0.25,1,37.25,-104.33,
Credits,Jet financing,240000,0,150,-50,Down,0,0,1,39.13,-86.62,
Credits,Business financing,270000,0,150,-50,Down,0.5,0.5,1,29.55,-89.67,
Credits,Mortgage loans,320000,0,150,-50,Down,1,1,1,45.12,-87.63,
Net New Assets,Increase in Assets,450000,0,150,-50,Down,1,1,1,38.37,-81.6,
Credits,Short | medium | long-term credit,80000,0,150,-50,Down,0.25,0.25,1,44.93,-93.05,
Net New Assets,New to Bank Clients,140000,0,150,-50,Down,0.75,0.75,1,44.25,-88.52,
Credits,Business financing,80000,0,150,-50,Down,0.75,0.25,1,35.27,-113.95,
Credits,Mortgage loans,120000,0,150,-50,Down,1,0.25,1,26.18,-98.23,
Net New Assets,Increase in Assets,90000,0,150,-50,Down,0.25,0.5,1,35.05,-90,
Credits,Jet financing,140000,0,150,-50,Down,0.5,0.75,1,42.62,-82.83,
Credits,Lombard loans,180000,0,150,-50,Down,0.25,1,1,35.85,-77.88,
Credits,Mortgage loans,420000,0,150,-50,Down,0.25,0.5,1,41.92,-88.25,
Gross Revenue,Execution Services,810000,0,150,-50,Down,0.5,0,1,42.05,-102.8,
Net New Assets,New to Bank Clients,50000,0,150,-50,Down,1,1,1,34.03,-120.4,
Credits,Mortgage loans,420000,0,150,-50,Down,1,1,1,39.5,-117.08,
Credits,Short | medium | long-term credit,320000,0,150,-50,Down,0,1,1,32.5,-93.67,
Net New Assets,New to Bank Clients,240000,0,150,-50,Down,1,0.5,1,31.47,-89.33,
Net New Assets,New to Bank Clients,280000,0,150,-50,Down,0.25,0.5,1,48.1,-98.87,
Credits,Lombard loans,150000,0,150,-50,Down,0.5,0.25,1,30.53,-91.15,
Credits,Mortgage loans,210000,0,150,-50,Down,0.5,1,1,42.93,-78.73,
Gross Revenue,Execution Services,160000,0,150,-50,Down,0,0.25,1,31.05,-93.2,
Credits,Business financing,560000,0,150,-50,Down,0.25,0.5,1,39.95,-81.9,
Net New Assets,Sale company,150000,0,150,-50,Down,0.75,0.5,1,38.85,-77.04,
Credits,Business financing,150000,0,150,-50,Down,0.5,0.75,1,30.84,-85.18,
Net New Assets,Increase in Assets,400000,0,150,-50,Down,0.75,0.5,1,34.7,-77.43,
Net New Assets,Sale company,150000,0,150,-50,Down,0.25,1,1,41.37,-96.02,
Net New Assets,New to Bank Clients,60000,0,150,-50,Down,0.5,0.25,1,33.1,-115,
Credits,Yacht financing,90000,0,150,-50,Down,0.25,1,1,43.53,-84.08,
Credits,Jet financing,160000,0,150,-50,Down,1,0.25,1,39.83,-117.13,
Credits,Jet financing,360000,0,150,-50,Down,0.5,0.75,1,39.83,-88.87,
Net New Assets,Increase in Assets,450000,0,150,-50,Down,0.25,0.5,1,44.38,-100.28,
Net New Assets,New to Bank Clients,270000,0,150,-50,Down,0.25,0.75,1,40.83,-115.78,
Credits,Short | medium | long-term credit,180000,0,150,-50,Down,0,0.25,1,35.18,-103.6,
Net New Assets,Sale company,360000,0,150,-50,Down,0.75,0.75,1,30.42,-88.92,
Net New Assets,Sale company,90000,0,150,-50,Down,0.5,0.5,1,41.87,-87.62,
Gross Revenue,Advisory Services,210000,0,150,-50,Down,0.75,0.75,1,44.8,-68.82,
Credits,Short | medium | long-term credit,100000,0,150,-50,Down,1,1,1,32.9,-87.25,
Credits,Jet financing,630000,0,150,-50,Down,0.5,1,1,38.05,-85,
Gross Revenue,Advisory Services,540000,0,150,-50,Down,0,0.5,1,32.52,-93.75,
Gross Revenue,DPM,360000,0,150,-50,Down,1,0,1,37,-101.88,
Credits,Short | medium | long-term credit,480000,0,150,-50,Down,1,0.75,1,31.05,-93.2,
Credits,Business financing,180000,0,150,-50,Down,1,0.75,1,29.7,-91.1,
Credits,Yacht financing,720000,0,150,-50,Down,0.25,0,1,35.9,-82.82,
Credits,Short | medium | long-term credit,640000,0,150,-50,Down,1,0.5,1,29.53,-98.28,
Net New Assets,New to Bank Clients,200000,0,150,-50,Down,0,0.75,1,48.1,-98.87,
Credits,Jet financing,560000,0,150,-50,Down,0.25,0.75,1,44,-88.57,
Credits,Short | medium | long-term credit,360000,0,150,-50,Down,0.25,1,1,29.73,-92.12,
Credits,Jet financing,160000,0,150,-50,Down,0,0,1,33.55,-113.17,
Gross Revenue,Advisory Services,320000,0,150,-50,Down,0,0.25,1,40.43,-104.63,
Net New Assets,Sale company,560000,0,150,-50,Down,1,1,1,30.63,-88.07,
Gross Revenue,DPM,360000,0,150,-50,Down,0.25,0,1,40.27,-79.09,
Credits,Jet financing,240000,0,150,-50,Down,0.75,1,1,37.78,-122.32,
Net New Assets,Sale company,180000,0,150,-50,Down,0.25,1,1,34.9,-120.45,
Credits,Jet financing,200000,0,150,-50,Down,0.25,0,1,44.32,-69.8,
Credits,Jet financing,560000,0,150,-50,Down,1,1,1,28.08,-81.55,
Credits,Yacht financing,350000,0,150,-50,Down,0.5,0.25,1,41.67,-70.28,
Net New Assets,New to Bank Clients,140000,0,150,-50,Down,0.75,0.5,1,40.27,-79.09,
Gross Revenue,Execution Services,420000,0,150,-50,Down,1,0.75,1,38.57,-121.3,
Credits,Mortgage loans,240000,0,150,-50,Down,0,0.5,1,41.78,-124.23,
Credits,Jet financing,400000,0,150,-50,Down,0.25,0.75,1,37.37,-121.92,
Gross Revenue,Execution Services,280000,0,150,-50,Down,0,0.75,1,33.02,-118.58,
Credits,Lombard loans,160000,0,150,-50,Down,1,1,1,45.07,-83.57,
Credits,Mortgage loans,240000,0,150,-50,Down,0,1,1,35.95,-112.15,
Credits,Short | medium | long-term credit,350000,0,150,-50,Down,0.75,1,1,41.65,-70.52,
Net New Assets,Increase in Assets,640000,0,150,-50,Down,0.5,1,1,48.55,-109.77,
Net New Assets,Sale company,480000,0,150,-50,Down,0.75,0.75,1,31.15,-81.38,
Gross Revenue,Advisory Services,60000,0,150,-50,Down,0.5,0.5,1,26.13,-80.13,
Gross Revenue,Advisory Services,60000,0,150,-50,Down,0.5,1,1,42.3,-85.23,
Net New Assets,Increase in Assets,30000,0,150,-50,Down,0,1,1,45.5,-118.4,
Credits,Business financing,80000,0,150,-50,Down,0.25,0.25,1,24.57,-81.68,
Credits,Mortgage loans,70000,0,150,-50,Down,0,0.25,1,46.6,-94.32,
Net New Assets,New to Bank Clients,720000,0,150,-50,Down,0.75,0,1,42.67,-83.42,
Credits,Jet financing,540000,0,150,-50,Down,0.75,0.75,1,41.37,-73.48,
Net New Assets,New to Bank Clients,720000,0,150,-50,Down,0.75,0.5,1,41.92,-88.25,
Net New Assets,Sale company,540000,0,150,-50,Down,0,0,1,24.55,-81.75,
Gross Revenue,DPM,240000,0,150,-50,Down,1,0,1,33.65,-84.42,
Credits,Yacht financing,140000,0,150,-50,Down,0.5,1,1,40.17,-103.22,
Credits,Mortgage loans,90000,0,150,-50,Down,0,0.5,1,33.58,-85.85,
Gross Revenue,Execution Services,420000,0,150,-50,Down,0.75,0.25,1,33.65,-88.45,
Credits,Business financing,720000,0,150,-50,Down,0.25,0.75,1,46.57,-119.6,
Credits,Mortgage loans,90000,0,150,-50,Down,0.25,0.25,1,43.53,-84.08,
Credits,Mortgage loans,150000,0,150,-50,Down,0.25,0,1,48.8,-122.53,
Gross Revenue,DPM,200000,0,150,-50,Down,0.25,0.25,1,36.77,-90.47,
Credits,Lombard loans,480000,0,150,-50,Down,1,1,1,32.9,-87.25,
Net New Assets,New to Bank Clients,720000,0,150,-50,Down,1,0,1,44.42,-72.02,
Net New Assets,Increase in Assets,300000,0,150,-50,Down,0.25,1,1,30.4,-81.42,
Gross Revenue,Execution Services,450000,0,150,-50,Down,0.75,1,1,28.85,-96.92,
Credits,Yacht financing,560000,0,150,-50,Down,0,0.5,1,39.4,-77.98,
Credits,Jet financing,630000,0,150,-50,Down,0.75,0,1,44.13,-87.67,
Net New Assets,Increase in Assets,90000,0,150,-50,Down,0.25,0.25,1,47.27,-122.58,
Credits,Jet financing,720000,0,150,-50,Down,0.25,0.25,1,40.85,-74.05,
Net New Assets,Increase in Assets,200000,0,150,-50,Down,1,0.75,1,36.75,-96,
Credits,Lombard loans,480000,0,150,-50,Down,1,0.75,1,45.92,-85.92,
Net New Assets,New to Bank Clients,810000,0,150,-50,Down,0.5,1,1,38.95,-77.46,
Gross Revenue,Advisory Services,270000,0,150,-50,Down,0.5,0.25,1,35.08,-77.05,
Gross Revenue,DPM,560000,0,150,-50,Down,0.5,0.5,1,37.33,-79.2,
Credits,Yacht financing,180000,0,150,-50,Down,1,0,1,43.05,-108.45,
Gross Revenue,DPM,270000,0,150,-50,Down,0.25,0.25,1,43.57,-71.43,
Credits,Lombard loans,100000,0,150,-50,Down,0.25,0.25,1,37.78,-89.25,
Gross Revenue,DPM,160000,0,150,-50,Down,0.75,1,1,34.65,-112.43,
Credits,Lombard loans,180000,0,150,-50,Down,0.5,0,1,36.12,-86.68,
Credits,Lombard loans,210000,0,150,-50,Down,0.5,0,1,36.77,-119.72,
Credits,Short | medium | long-term credit,210000,0,150,-50,Down,0.5,0.5,1,44.57,-112.32,
Net New Assets,Increase in Assets,120000,0,150,-50,Down,0.5,0.25,1,42.08,-124.47,
Credits,Yacht financing,240000,0,150,-50,Down,0.25,0.5,1,30.58,-96.37,
Net New Assets,Increase in Assets,270000,0,150,-50,Down,0,1,1,36.67,-87.5,
Gross Revenue,DPM,140000,0,150,-50,Down,0,0.5,1,35.68,-117.68,
Credits,Mortgage loans,180000,0,150,-50,Down,1,0.25,1,35.22,-80.93,
Net New Assets,Sale company,540000,0,150,-50,Down,1,1,1,34.75,-87.62,
Gross Revenue,Execution Services,150000,0,150,-50,Down,0.5,0.75,1,38.7,-121.6,
Credits,Short | medium | long-term credit,180000,0,150,-50,Down,0.5,0.75,1,35.18,-103.6,
Credits,Short | medium | long-term credit,300000,0,150,-50,Down,0.5,0.75,1,33.3,-117.35,
Gross Revenue,DPM,300000,0,150,-50,Down,0.25,0.25,1,40.1,-118.92,
Credits,Business financing,490000,0,150,-50,Down,0.25,0.5,1,36.77,-90.47,
Gross Revenue,DPM,810000,0,150,-50,Down,0.75,0.5,1,44.07,-69.12,
Credits,Mortgage loans,240000,0,150,-50,Down,0.5,0.25,1,40.43,-76.57,
Gross Revenue,Advisory Services,420000,0,150,-50,Down,0.25,0.75,1,36.77,-119.72,
Credits,Lombard loans,300000,0,150,-50,Down,0.5,0.25,1,41.9,-87.65,
Gross Revenue,DPM,350000,0,150,-50,Down,0,0.75,1,40.18,-80.65,
Credits,Jet financing,360000,0,150,-50,Down,0.5,0,1,36.93,-76.28,
Net New Assets,Sale company,200000,0,150,-50,Down,0,0.5,1,40.93,-90.43,
Credits,Business financing,360000,0,150,-50,Down,0.75,0.25,1,33.97,-117.63,
Net New Assets,New to Bank Clients,90000,0,150,-50,Down,0,0.25,1,43.92,-92.5,
Credits,Short | medium | long-term credit,300000,0,150,-50,Down,0,0.75,1,44.63,-124.05,
Credits,Business financing,150000,0,150,-50,Down,0.5,0,1,33.23,-107.27,
Net New Assets,New to Bank Clients,350000,0,150,-50,Down,0.5,0,1,35.2,-120.95,
Gross Revenue,Execution Services,560000,0,150,-50,Down,0.75,0.25,1,35.43,-82.55,
Net New Assets,New to Bank Clients,120000,0,150,-50,Down,0.5,0.25,1,44.52,-109.02,
Net New Assets,Sale company,640000,0,150,-50,Down,1,1,1,40.1,-92.55,
Net New Assets,New to Bank Clients,270000,0,150,-50,Down,0.25,1,1,38.73,-93.55,
Credits,Business financing,200000,0,150,-50,Down,0.75,0.75,1,33.02,-118.58,
Net New Assets,Sale company,320000,0,150,-50,Down,0.25,0.5,1,42.3,-113.37,
Credits,Short | medium | long-term credit,480000,0,150,-50,Down,0.75,0,1,29.53,-98.47,
Credits,Lombard loans,200000,0,150,-50,Down,1,0.25,1,37.52,-122.25,
Credits,Business financing,360000,0,150,-50,Down,0.5,1,1,40.65,-86.15,
Net New Assets,New to Bank Clients,240000,0,150,-50,Down,0,0,1,38.57,-121.3,
Gross Revenue,Advisory Services,160000,0,150,-50,Down,1,0,1,37.13,-76.62,
Net New Assets,Increase in Assets,120000,0,150,-50,Down,0,0.75,1,40.2,-75.15,
Credits,Jet financing,40000,0,150,-50,Down,0.5,0.5,1,43.2,-90.18,
Credits,Lombard loans,240000,0,150,-50,Down,1,0,1,35.17,-79.02,
Credits,Yacht financing,150000,0,150,-50,Down,1,0.75,1,44.35,-105.53,
Net New Assets,Sale company,540000,0,150,-50,Down,0.75,0,1,37.15,-107.75,
Credits,Jet financing,120000,0,150,-50,Down,0.75,0.5,1,33.63,-116.17,
Credits,Lombard loans,240000,0,150,-50,Down,0.5,1,1,38.55,-118.63,
Credits,Lombard loans,350000,0,150,-50,Down,0.25,0.75,1,41.37,-96.02,
Credits,Jet financing,120000,0,150,-50,Down,0.75,0.25,1,36.58,-121.85,
Credits,Mortgage loans,100000,0,150,-50,Down,0.25,0,1,36.33,-97.92,
Gross Revenue,Advisory Services,140000,0,150,-50,Down,1,0.25,1,43.53,-84.08,
Net New Assets,Sale company,60000,0,150,-50,Down,0.25,0.75,1,39.9,-105.12,
Credits,Yacht financing,60000,0,150,-50,Down,0.5,0.25,1,27.6,-82.77,
Gross Revenue,Execution Services,350000,0,150,-50,Down,0.75,0.5,1,42.3,-113.37,
Credits,Lombard loans,70000,0,150,-50,Down,0.25,0.25,1,38.67,-121.4,
Credits,Lombard loans,150000,0,150,-50,Down,0.5,0,1,46.97,-123.97,
Net New Assets,New to Bank Clients,160000,0,150,-50,Down,0,0.75,1,35.4,-97.6,
Net New Assets,Sale company,320000,0,150,-50,Down,0.5,0.75,1,29.78,-93.3,
Net New Assets,Increase in Assets,280000,0,150,-50,Down,0.25,0.25,1,47.45,-122.3,
Credits,Lombard loans,80000,0,150,-50,Down,0.25,0.5,1,34.68,-94.62,
Credits,Business financing,280000,0,150,-50,Down,1,0,1,32.63,-106.4,
Credits,Short | medium | long-term credit,300000,0,150,-50,Down,0.75,0.75,1,37.62,-122.38,
Credits,Short | medium | long-term credit,450000,0,150,-50,Down,0.5,0,1,30.53,-91.15,
Credits,Yacht financing,150000,0,150,-50,Down,0.25,0,1,33.3,-104.53,
Gross Revenue,Advisory Services,450000,0,150,-50,Down,0,1,1,39.38,-86.5,
Credits,Lombard loans,160000,0,150,-50,Down,0,1,1,34.38,-103.32,
Credits,Short | medium | long-term credit,720000,0,150,-50,Down,1,0.5,1,37.83,-122.83,
Gross Revenue,Advisory Services,140000,0,150,-50,Down,0,0.25,1,43.23,-123.37,
Net New Assets,New to Bank Clients,450000,0,150,-50,Down,0,0.75,1,41.32,-122.32,
Credits,Business financing,360000,0,150,-50,Down,0,0.75,1,38.75,-90.37,
Credits,Lombard loans,360000,0,150,-50,Down,0.25,0.5,1,43.65,-95.58,
Net New Assets,Sale company,120000,0,150,-50,Down,1,0,1,33.42,-117.62,
Credits,Business financing,50000,0,150,-50,Down,0.25,0.25,1,47.08,-122.58,
Gross Revenue,Advisory Services,270000,0,150,-50,Down,0.25,0,1,39.72,-104.75,
Gross Revenue,Advisory Services,450000,0,150,-50,Down,0.25,0.75,1,42.13,-86.43,
Gross Revenue,Execution Services,180000,0,150,-50,Down,0,1,1,48.6,-112.37,
Net New Assets,New to Bank Clients,360000,0,150,-50,Down,0.25,1,1,38.85,-94.9,
Credits,Jet financing,160000,0,150,-50,Down,0,0,1,30.12,-93.22,
Credits,Jet financing,250000,0,150,-50,Down,1,0.25,1,39.65,-79.92,
Credits,Mortgage loans,150000,0,150,-50,Down,0.75,0.5,1,45.68,-121.88,
Credits,Mortgage loans,360000,0,150,-50,Down,1,0.25,1,38.7,-121.6,
Gross Revenue,Advisory Services,90000,0,150,-50,Down,0.5,0.5,1,43.23,-75.4,
Credits,Business financing,280000,0,150,-50,Down,0.75,0.5,1,42.15,-121.73,
Credits,Jet financing,320000,0,150,-50,Down,0,0,1,31.32,-85.45,
Credits,Mortgage loans,200000,0,150,-50,Down,0.5,1,1,48.07,-96.18,
Credits,Lombard loans,300000,0,150,-50,Down,0.25,0,1,36.12,-121.47,
Credits,Short | medium | long-term credit,160000,0,150,-50,Down,0.5,0.75,1,44.27,-121.15,
Credits,Jet financing,630000,0,150,-50,Down,0.5,0.25,1,43.53,-84.08,
Credits,Jet financing,280000,0,150,-50,Down,1,0,1,43.42,-124.25,
Credits,Jet financing,450000,0,150,-50,Down,0.25,0.5,1,40.85,-96.75,
Gross Revenue,Execution Services,240000,0,150,-50,Down,0.25,0.75,1,42.77,-84.6,
Net New Assets,Increase in Assets,720000,0,150,-50,Down,0.5,0.75,1,40.25,-93.72,
Net New Assets,Sale company,60000,0,150,-50,Down,0.75,0.25,1,43.38,-124.95,
Gross Revenue,Advisory Services,210000,0,150,-50,Down,1,0.25,1,32.38,-94.72,
Credits,Mortgage loans,60000,0,150,-50,Down,0.75,0,1,35.03,-79.5,
Credits,Business financing,80000,0,150,-50,Down,0.25,0.75,1,36.2,-95.9,
Credits,Mortgage loans,140000,0,150,-50,Down,0.25,0,1,33.42,-117.62,
Gross Revenue,Execution Services,180000,0,150,-50,Down,1,0,1,42.05,-101.05,
Net New Assets,Sale company,120000,0,150,-50,Down,0.25,1,1,37.75,-87.17,
Gross Revenue,Execution Services,150000,0,150,-50,Down,0.5,0,1,30.58,-96.37,
Gross Revenue,Execution Services,420000,0,150,-50,Down,0.5,0.75,1,28.85,-96.92,
Credits,Mortgage loans,60000,0,150,-50,Down,1,0.25,1,32.82,-97.35,
Credits,Mortgage loans,540000,0,150,-50,Down,0.75,0.75,1,41.18,-112.02,
Gross Revenue,Execution Services,60000,0,150,-50,Down,0.25,0.75,1,48.25,-122.68,
Credits,Jet financing,140000,0,150,-50,Down,0,1,1,44.92,-97.15,
Credits,Short | medium | long-term credit,240000,0,150,-50,Down,0.25,1,1,36.9,-76.2,
Gross Revenue,DPM,540000,0,150,-50,Down,0.75,0.5,1,35.02,-110.73,
Credits,Jet financing,420000,0,150,-50,Down,1,1,1,34.1,-117.78,
Credits,Mortgage loans,480000,0,150,-50,Down,0,0.75,1,38.85,-94.55,
Credits,Yacht financing,80000,0,150,-50,Down,0,0,1,37.23,-89.58,
Credits,Lombard loans,480000,0,150,-50,Down,0.25,0,1,48.22,-123.67,
Gross Revenue,DPM,450000,0,150,-50,Down,0,0.5,1,40.22,-100.58,
Credits,Business financing,450000,0,150,-50,Down,0.75,0,1,37.23,-93.38,
Credits,Yacht financing,630000,0,150,-50,Down,0.25,0.25,1,40.18,-80.65,
Credits,Mortgage loans,630000,0,150,-50,Down,0.25,0,1,44.02,-117.02,
Credits,Business financing,720000,0,150,-50,Down,0.5,0,1,46.43,-105.87,
Net New Assets,Increase in Assets,350000,0,150,-50,Down,1,0.5,1,39.82,-82.93,
Credits,Short | medium | long-term credit,300000,0,150,-50,Down,1,0.5,1,42.75,-73.8,
Credits,Yacht financing,160000,0,150,-50,Down,0,0.75,1,43.5,-114.3,
Gross Revenue,Execution Services,360000,0,150,-50,Down,0,0.5,1,46.25,-84.47,
Gross Revenue,Execution Services,240000,0,150,-50,Down,0.25,0.75,1,33.55,-113.17,
Credits,Jet financing,80000,0,150,-50,Down,0.25,0.5,1,45.62,-121.15,
Gross Revenue,DPM,630000,0,150,-50,Down,0.25,0.25,1,36.62,-116.02,
Gross Revenue,Execution Services,280000,0,150,-50,Down,0,0.75,1,39.33,-76.42,
Credits,Yacht financing,450000,0,150,-50,Down,0.25,0.75,1,40.6,-98.43,
Credits,Mortgage loans,490000,0,150,-50,Down,1,0.25,1,36.38,-97.8,
Credits,Lombard loans,160000,0,150,-50,Down,0.5,0,1,36.02,-106.95,
Credits,Lombard loans,480000,0,150,-50,Down,1,0.5,1,34.65,-98.4,
Net New Assets,New to Bank Clients,400000,0,150,-50,Down,0,0.75,1,33.23,-107.27,
Net New Assets,New to Bank Clients,360000,0,150,-50,Down,0.75,0,1,47.08,-122.58,
Credits,Short | medium | long-term credit,560000,0,150,-50,Down,0.5,0.75,1,40.43,-104.63,
Credits,Business financing,450000,0,150,-50,Down,0.75,0.25,1,42.27,-84.47,
Credits,Short | medium | long-term credit,540000,0,150,-50,Down,0.75,0.75,1,41.8,-78.63,
Credits,Yacht financing,450000,0,150,-50,Down,0,0.75,1,29.33,-98.47,
Net New Assets,Sale company,480000,0,150,-50,Down,0.5,0.5,1,42.17,-112.32,
Net New Assets,Sale company,240000,0,150,-50,Down,0.5,0,1,33.45,-94,
Gross Revenue,Execution Services,810000,0,150,-50,Down,0.75,0.75,1,33.45,-88.58,
Credits,Mortgage loans,270000,0,150,-50,Down,0.75,0,1,40.77,-73.9,
Net New Assets,Increase in Assets,90000,0,150,-50,Down,0.75,0.25,1,35.28,-116.62,
Credits,Yacht financing,360000,0,150,-50,Down,0.25,0.25,1,39.1,-84.43,
Net New Assets,Increase in Assets,300000,0,150,-50,Down,0,0.75,1,33.67,-117.73,
Net New Assets,Sale company,90000,0,150,-50,Down,0.25,0.75,1,41.33,-124.28,
Credits,Short | medium | long-term credit,50000,0,150,-50,Down,0.75,1,1,44.05,-103.07,
Credits,Business financing,120000,0,150,-50,Down,0,0,1,33.13,-117.28,
Credits,Short | medium | long-term credit,180000,0,150,-50,Down,0.5,0.75,1,33.47,-111.73,
Net New Assets,Sale company,280000,0,150,-50,Down,0.5,0,1,38.51,-89.09,
Net New Assets,Sale company,70000,0,150,-50,Down,1,0,1,42.55,-94.18,
Credits,Mortgage loans,630000,0,150,-50,Down,0.75,0.25,1,43.63,-72.3,
Net New Assets,Sale company,150000,0,150,-50,Down,0,1,1,33.5,-90.08,
Credits,Mortgage loans,180000,0,150,-50,Down,0.5,1,1,43.42,-124.25,
Credits,Business financing,540000,0,150,-50,Down,0,0.5,1,33.97,-86.09,
Credits,Yacht financing,630000,0,150,-50,Down,0.25,0.75,1,41.13,-100.68,
Net New Assets,Increase in Assets,180000,0,150,-50,Down,0.25,1,1,33.93,-116.95,
Credits,Business financing,720000,0,150,-50,Down,1,0.5,1,44.45,-95.82,
Gross Revenue,Execution Services,450000,0,150,-50,Down,0.5,0.75,1,31.67,-89.17,
Net New Assets,Sale company,120000,0,150,-50,Down,1,0.25,1,29.37,-100.92,
Net New Assets,Sale company,360000,0,150,-50,Down,0,0.75,1,46.25,-84.47,
Gross Revenue,Execution Services,810000,0,150,-50,Down,1,0.75,1,41.5,-74.1,
Net New Assets,New to Bank Clients,240000,0,150,-50,Down,0.25,0,1,36.75,-96,
Gross Revenue,Execution Services,320000,0,150,-50,Down,0,1,1,41.25,-76.92,
Gross Revenue,Advisory Services,70000,0,150,-50,Down,0,0.75,1,29.18,-81.05,
Credits,Yacht financing,540000,0,150,-50,Down,0.5,1,1,38.95,-95.67,
Gross Revenue,DPM,270000,0,150,-50,Down,0,0,1,38.27,-78.85,
Gross Revenue,Advisory Services,280000,0,150,-50,Down,0,0.25,1,35.97,-89.95,
Net New Assets,New to Bank Clients,420000,0,150,-50,Down,0.5,0,1,35.23,-101.7,
Credits,Mortgage loans,560000,0,150,-50,Down,0.5,1,1,28.22,-93.75,
Credits,Lombard loans,210000,0,150,-50,Down,0,1,1,46.95,-67.88,
Credits,Short | medium | long-term credit,450000,0,150,-50,Down,0.5,0.25,1,38.85,-99.27,
Net New Assets,Increase in Assets,480000,0,150,-50,Down,0.75,0.25,1,36.77,-119.72,
Gross Revenue,Advisory Services,350000,0,150,-50,Down,0.5,0.5,1,34.1,-117.23,
Gross Revenue,DPM,560000,0,150,-50,Down,0.25,1,1,40.32,-78.83,
Net New Assets,Increase in Assets,320000,0,150,-50,Down,0.5,0.75,1,31.08,-97.68,
Net New Assets,Increase in Assets,400000,0,150,-50,Down,0,0,1,44.3,-96.8,
Gross Revenue,Execution Services,70000,0,150,-50,Down,0.25,0.5,1,40.28,-79.4,
Credits,Yacht financing,480000,0,150,-50,Down,0.25,0.75,1,47.25,-123.15,
Gross Revenue,Execution Services,180000,0,150,-50,Down,0.5,0,1,42.17,-72.72,
Credits,Mortgage loans,90000,0,150,-50,Down,0,1,1,34.07,-106.9,
Gross Revenue,Advisory Services,200000,0,150,-50,Down,0.25,0.75,1,45.6,-122.6,
Net New Assets,New to Bank Clients,630000,0,150,-50,Down,0.25,1,1,33.3,-104.53,
Credits,Jet financing,60000,0,150,-50,Down,0.5,0.5,1,30.65,-86.52,
Net New Assets,New to Bank Clients,300000,0,150,-50,Down,0.75,0.75,1,34.67,-99.27,
Gross Revenue,DPM,360000,0,150,-50,Down,0.5,1,1,48.5,-122.33,
Credits,Mortgage loans,270000,0,150,-50,Down,0,1,1,35.17,-107.9,
Gross Revenue,DPM,60000,0,150,-50,Down,1,1,1,48.12,-123.5,
Credits,Lombard loans,150000,0,150,-50,Down,0.75,0.25,1,44.38,-74.2,
Credits,Yacht financing,120000,0,150,-50,Down,0.25,0.5,1,41.02,-83.67,
Gross Revenue,Execution Services,540000,0,150,-50,Down,0.75,1,1,29.98,-90.25,
Gross Revenue,DPM,180000,0,150,-50,Down,0.5,0.75,1,33.65,-84.42,
Gross Revenue,Advisory Services,200000,0,150,-50,Down,1,0.25,1,40.67,-89.68,
Net New Assets,Increase in Assets,120000,0,150,-50,Down,1,0.5,1,38.37,-81.6,
Credits,Business financing,280000,0,150,-50,Down,0.25,0.25,1,38.85,-94.9,
Credits,Lombard loans,180000,0,150,-50,Down,1,0.25,1,41.05,-113.07,
Net New Assets,Sale company,240000,0,150,-50,Down,0,0.5,1,46.92,-114.08,
Net New Assets,Increase in Assets,320000,0,150,-50,Down,1,1,1,38.85,-94.9,
Credits,Yacht financing,100000,0,150,-50,Down,0.75,0.5,1,36.33,-97.92,
Net New Assets,New to Bank Clients,60000,0,150,-50,Down,1,0.25,1,25.48,-80.38,
Net New Assets,Sale company,540000,0,150,-50,Down,0,0.25,1,45.87,-95.38,
Gross Revenue,Advisory Services,30000,0,150,-50,Down,0,1,1,41.8,-78.63,
Net New Assets,Increase in Assets,300000,0,150,-50,Down,0.25,0.25,1,36.13,-80.23,
Gross Revenue,Execution Services,240000,0,150,-50,Down,0.75,0,1,48.22,-123.67,
Net New Assets,New to Bank Clients,70000,0,150,-50,Down,0,0,1,37.3,-81.22,
Gross Revenue,DPM,320000,0,150,-50,Down,0,0.75,1,35.83,-90.65,
Credits,Short | medium | long-term credit,720000,0,150,-50,Down,0.5,1,1,41.18,-112.02,
Gross Revenue,Advisory Services,810000,0,150,-50,Down,0,0.25,1,33.43,-112.02,
Net New Assets,Sale company,90000,0,150,-50,Down,0,1,1,38.33,-96.2,
Credits,Lombard loans,350000,0,150,-50,Down,0.5,1,1,39.83,-84.05,
Gross Revenue,Execution Services,120000,0,150,-50,Down,0.75,0.75,1,41.57,-81.48,
Credits,Mortgage loans,490000,0,150,-50,Down,1,0.25,1,30.58,-94.02,
Credits,Business financing,90000,0,150,-50,Down,0.75,0.75,1,43.2,-90.18,
Credits,Jet financing,560000,0,150,-50,Down,0.25,0,1,39.47,-76.17,
Credits,Jet financing,60000,0,150,-50,Down,0.5,0,1,36.67,-87.5,
Credits,Jet financing,420000,0,150,-50,Down,0.5,1,1,42.97,-78.2,
Net New Assets,Sale company,480000,0,150,-50,Down,0.75,0.5,1,47.95,-124.55,
Credits,Lombard loans,720000,0,150,-50,Down,0.75,0,1,34.87,-116.78,
Credits,Jet financing,240000,0,150,-50,Down,0.25,0.25,1,31.25,-82.4,
Net New Assets,Increase in Assets,180000,0,150,-50,Down,1,0,1,42.47,-71.28,
Gross Revenue,Advisory Services,810000,0,150,-50,Down,0.25,0.75,1,44.83,-93.47,
Net New Assets,Sale company,450000,0,150,-50,Down,0.5,1,1,38.6,-92.17,
Credits,Business financing,70000,0,150,-50,Down,0.75,0.25,1,47.77,-116.82,
Credits,Business financing,420000,0,150,-50,Down,0.5,0,1,38.05,-85,
Credits,Yacht financing,320000,0,150,-50,Down,0.5,0,1,33.63,-95.45,
Gross Revenue,Execution Services,640000,0,150,-50,Down,0.25,0,1,47.28,-121.33,
Credits,Yacht financing,320000,0,150,-50,Down,0.25,1,1,39.85,-89.67,
Credits,Jet financing,480000,0,150,-50,Down,0.5,0,1,42.92,-112.6,
Credits,Jet financing,270000,0,150,-50,Down,0.25,1,1,36.02,-102.55,
Credits,Mortgage loans,320000,0,150,-50,Down,1,0,1,40,-105.87,
Credits,Yacht financing,240000,0,150,-50,Down,0.75,0.75,1,46.83,-92.18,
Credits,Yacht financing,720000,0,150,-50,Down,0.75,0.75,1,44.88,-116.1,
Gross Revenue,Execution Services,210000,0,150,-50,Down,0,0,1,36.12,-86.68,
Gross Revenue,Execution Services,240000,0,150,-50,Down,0.5,1,1,37.78,-89.25,
Credits,Jet financing,720000,0,150,-50,Down,0.25,1,1,39.53,-89.33,
Gross Revenue,Execution Services,50000,0,150,-50,Down,0.25,0.25,1,33.6,-102.05,
Gross Revenue,DPM,360000,0,150,-50,Down,0.25,0.25,1,32.5,-93.67,
Gross Revenue,Advisory Services,480000,0,150,-50,Down,0.75,0.5,1,45.25,-122.75,
Gross Revenue,Advisory Services,560000,0,150,-50,Down,1,0.25,1,40.27,-79.09,
Credits,Lombard loans,70000,0,150,-50,Down,0,0.75,1,36.75,-108.23,
Net New Assets,New to Bank Clients,120000,0,150,-50,Down,0.25,0.75,1,36.62,-116.02,
Net New Assets,New to Bank Clients,50000,0,150,-50,Down,0.75,0.5,1,41.62,-98.95,
Gross Revenue,DPM,300000,0,150,-50,Down,0,0.75,1,35.95,-112.15,
Net New Assets,Increase in Assets,270000,0,150,-50,Down,0.5,0.25,1,40.5,-110.63,
Net New Assets,Increase in Assets,480000,0,150,-50,Down,1,0.75,1,36.42,-105.57,
Net New Assets,New to Bank Clients,450000,0,150,-50,Down,1,0,1,28.08,-81.55,
Credits,Mortgage loans,240000,0,150,-50,Down,0.5,0.25,1,32.82,-116.97,
Net New Assets,Sale company,480000,0,150,-50,Down,0.25,0.5,1,40.73,-99,
Credits,Lombard loans,150000,0,150,-50,Down,0,0.25,1,43.13,-89.33,
Credits,Yacht financing,450000,0,150,-50,Down,0.5,0.25,1,42.88,-85.52,
Net New Assets,New to Bank Clients,200000,0,150,-50,Down,0.5,0.75,1,41.73,-122.53,
Gross Revenue,Execution Services,630000,0,150,-50,Down,0.25,1,1,45.12,-87.63,
Net New Assets,Increase in Assets,150000,0,150,-50,Down,0,0.25,1,35.02,-110.73,
Gross Revenue,Advisory Services,60000,0,150,-50,Down,0,0,1,45.16,-103.32,
Credits,Lombard loans,160000,0,150,-50,Down,1,1,1,43.57,-116.22,
Gross Revenue,Advisory Services,160000,0,150,-50,Down,0,0,1,44.13,-87.67,
Credits,Business financing,480000,0,150,-50,Down,0.5,0.25,1,39.37,-75.07,
Gross Revenue,Execution Services,320000,0,150,-50,Down,0.75,0,1,38.55,-89.85,
Credits,Yacht financing,360000,0,150,-50,Down,0,0.25,1,32.83,-115.57,
Gross Revenue,DPM,70000,0,150,-50,Down,0.75,1,1,32.63,-106.4,
Credits,Mortgage loans,560000,0,150,-50,Down,0.75,0.75,1,39.95,-81.9,
Net New Assets,Sale company,240000,0,150,-50,Down,1,0.75,1,32.82,-116.97,
Net New Assets,Sale company,160000,0,150,-50,Down,0.75,0.5,1,33.82,-118.15,
Gross Revenue,Execution Services,240000,0,150,-50,Down,0.5,0.5,1,42.95,-87.9,
Net New Assets,New to Bank Clients,560000,0,150,-50,Down,0.5,0,1,32.85,-106.1,
Credits,Lombard loans,120000,0,150,-50,Down,0.25,0.5,1,37.9,-85.97,
Credits,Short | medium | long-term credit,720000,0,150,-50,Down,0,1,1,30.78,-83.28,
Credits,Lombard loans,720000,0,150,-50,Down,0.5,0,1,31.6,-110.35,
Credits,Lombard loans,240000,0,150,-50,Down,1,0.5,1,39.83,-84.05,
Credits,Business financing,270000,0,150,-50,Down,0,0.75,1,42.37,-122.87,
Gross Revenue,DPM,160000,0,150,-50,Down,0.25,0.5,1,40.73,-73.43,
Gross Revenue,Execution Services,240000,0,150,-50,Down,0.25,0.75,1,35.13,-111.67,
Gross Revenue,Execution Services,450000,0,150,-50,Down,0.75,0.5,1,36.88,-91.9,
Credits,Short | medium | long-term credit,270000,0,150,-50,Down,0.5,1,1,30.5,-99.77,
Net New Assets,Sale company,40000,0,150,-50,Down,0.25,0.75,1,30.58,-94.02,
Gross Revenue,DPM,240000,0,150,-50,Down,1,1,1,40.65,-75.43,
Gross Revenue,Execution Services,160000,0,150,-50,Down,0.25,0.5,1,32.38,-94.72,
Net New Assets,Increase in Assets,40000,0,150,-50,Down,1,0.25,1,38.05,-85,
Net New Assets,Increase in Assets,320000,0,150,-50,Down,0.25,1,1,46.13,-67.78,
Credits,Yacht financing,320000,0,150,-50,Down,1,1,1,40.75,-74.37,
Credits,Yacht financing,480000,0,150,-50,Down,0.5,0.25,1,30.47,-87.2,
Credits,Mortgage loans,180000,0,150,-50,Down,0.25,0.25,1,45.16,-103.32,
Credits,Short | medium | long-term credit,560000,0,150,-50,Down,0.5,0,1,34.03,-120.4,
Credits,Business financing,270000,0,150,-50,Down,0,0,1,34.83,-92.25,
Net New Assets,New to Bank Clients,640000,0,150,-50,Down,1,0.25,1,26.13,-81.8,
Net New Assets,New to Bank Clients,450000,0,150,-50,Down,0,0.25,1,34.39,-89.54,
Credits,Business financing,160000,0,150,-50,Down,0,0.5,1,40.92,-81.43,
Net New Assets,New to Bank Clients,120000,0,150,-50,Down,0,0.75,1,34.02,-118.45,
Gross Revenue,DPM,210000,0,150,-50,Down,0.75,0.25,1,46.75,-117.12,
Credits,Lombard loans,420000,0,150,-50,Down,0.75,0.5,1,43.65,-94.42,
Credits,Short | medium | long-term credit,280000,0,150,-50,Down,0.25,0.25,1,35.05,-106.6,
Credits,Lombard loans,240000,0,150,-50,Down,0.75,0.5,1,41.62,-98.95,
Credits,Mortgage loans,90000,0,150,-50,Down,0.75,0.75,1,33.82,-78.72,
Gross Revenue,Execution Services,640000,0,150,-50,Down,1,0,1,30.48,-86.53,
Net New Assets,Sale company,250000,0,150,-50,Down,1,1,1,39.18,-76.67,
Credits,Lombard loans,200000,0,150,-50,Down,0.5,0,1,32.13,-81.2,
Net New Assets,New to Bank Clients,180000,0,150,-50,Down,0,0.25,1,27.65,-80.42,
Credits,Jet financing,540000,0,150,-50,Down,1,1,1,37.08,-76.37,
Credits,Lombard loans,120000,0,150,-50,Down,1,1,1,35.65,-105.15,
Net New Assets,New to Bank Clients,360000,0,150,-50,Down,1,0,1,30.23,-81.68,
Net New Assets,Sale company,200000,0,150,-50,Down,1,0,1,28.1,-80.63,
Credits,Short | medium | long-term credit,210000,0,150,-50,Down,0,1,1,29.73,-85.03,
Credits,Lombard loans,560000,0,150,-50,Down,0.25,0,1,45.73,-87.08,
Credits,Jet financing,360000,0,150,-50,Down,0.25,0.25,1,42.92,-97.38,
Net New Assets,Sale company,60000,0,150,-50,Down,1,0.25,1,44.55,-110.42,
Credits,Mortgage loans,400000,0,150,-50,Down,0.5,1,1,27.97,-82.6,
Net New Assets,Sale company,40000,0,150,-50,Down,0.25,1,1,39.25,-106.3,
Credits,Business financing,200000,0,150,-50,Down,0.25,0.5,1,41.27,-72.9,
Credits,Mortgage loans,480000,0,150,-50,Down,1,1,1,37.46,-80.2,
Gross Revenue,Advisory Services,160000,0,150,-50,Down,0,1,1,34.27,-77.92,
Credits,Yacht financing,560000,0,150,-50,Down,0,0,1,39.42,-118.7,
Credits,Yacht financing,30000,0,150,-50,Down,0.25,0.25,1,36.38,-97.8,
Gross Revenue,Advisory Services,450000,0,150,-50,Down,0,0.75,1,44.63,-124.05,
Net New Assets,Sale company,120000,0,150,-50,Down,0.5,0.5,1,40.5,-122.3,
Net New Assets,Increase in Assets,90000,0,150,-50,Down,0.25,0.25,1,42.75,-73.8,
Gross Revenue,Advisory Services,120000,0,150,-50,Down,1,1,1,41.88,-91.7,
Gross Revenue,Execution Services,60000,0,150,-50,Down,0.25,0.25,1,33.95,-83.32,
Gross Revenue,Execution Services,180000,0,150,-50,Down,0.5,0.5,1,30.33,-81.52,
Net New Assets,New to Bank Clients,100000,0,150,-50,Down,0.5,0.5,1,44.55,-110.42,
Credits,Business financing,490000,0,150,-50,Down,0,0.75,1,45.78,-69.63,
Credits,Short | medium | long-term credit,180000,0,150,-50,Down,1,0.5,1,38.6,-92.17,
Gross Revenue,DPM,150000,0,150,-50,Down,0.25,1,1,39.52,-105.35,
Net New Assets,New to Bank Clients,300000,0,150,-50,Down,0,0,1,32.68,-103.2,
Credits,Business financing,350000,0,150,-50,Down,0.75,1,1,37.65,-97.43,
Credits,Lombard loans,350000,0,150,-50,Down,0.5,0.25,1,40.85,-77.83,
Credits,Business financing,350000,0,150,-50,Down,0.75,0.5,1,34.05,-117.62,
Gross Revenue,DPM,40000,0,150,-50,Down,0.75,0.25,1,31.08,-97.68,
Credits,Mortgage loans,150000,0,150,-50,Down,0,0.75,1,44.92,-89.62,
Credits,Jet financing,360000,0,150,-50,Down,1,0.5,1,34.17,-91.93,
Net New Assets,New to Bank Clients,90000,0,150,-50,Down,0.75,1,1,42.88,-72.88,
Gross Revenue,DPM,420000,0,150,-50,Down,0,0,1,36.48,-82.4,
Gross Revenue,Execution Services,180000,0,150,-50,Down,0.75,0.5,1,36.45,-103.15,
Credits,Short | medium | long-term credit,360000,0,150,-50,Down,0,0.75,1,36.62,-116.02,
Credits,Short | medium | long-term credit,320000,0,150,-50,Down,0.25,0.75,1,40.28,-74.82,
Credits,Business financing,70000,0,150,-50,Down,0,1,1,44.27,-121.15,
Gross Revenue,Advisory Services,240000,0,150,-50,Down,0.75,0.75,1,38.82,-76.87,
Gross Revenue,Execution Services,450000,0,150,-50,Down,0.25,1,1,41.3,-95.9,
Credits,Mortgage loans,240000,0,150,-50,Down,0.25,0.25,1,30.17,-102.42,
Credits,Yacht financing,30000,0,150,-50,Down,0,0.5,1,37.28,-120.52,
Net New Assets,Increase in Assets,60000,0,150,-50,Down,0.25,1,1,31.07,-97.83,
Credits,Lombard loans,630000,0,150,-50,Down,0.5,0,1,38.87,-98.82,
Credits,Mortgage loans,90000,0,150,-50,Down,0,0.75,1,41.3,-72.08,
Credits,Lombard loans,270000,0,150,-50,Down,0.25,1,1,40.17,-112.2,
Credits,Jet financing,360000,0,150,-50,Down,0.75,0.75,1,38.9,-120,
Net New Assets,Sale company,240000,0,150,-50,Down,0,0,1,35.62,-106.08,
Credits,Jet financing,180000,0,150,-50,Down,0,0.5,1,48.88,-118.47,
Credits,Business financing,180000,0,150,-50,Down,0.25,0,1,39.15,-96.67,
Credits,Short | medium | long-term credit,100000,0,150,-50,Down,0,0.5,1,38.33,-96.2,
Credits,Yacht financing,160000,0,150,-50,Down,0.75,1,1,44.47,-73.15,
Credits,Lombard loans,300000,0,150,-50,Down,1,1,1,37.37,-121.92,
Credits,Jet financing,360000,0,150,-50,Down,0.5,0.5,1,43.2,-71.5,
Credits,Lombard loans,270000,0,150,-50,Down,1,0,1,33.43,-112.02,
Gross Revenue,Advisory Services,560000,0,150,-50,Down,0,1,1,31.83,-104.8,
Gross Revenue,DPM,350000,0,150,-50,Down,0.5,0.75,1,32.37,-95.4,
Credits,Short | medium | long-term credit,480000,0,150,-50,Down,0.25,0.75,1,35.23,-97.47,
Gross Revenue,DPM,540000,0,150,-50,Down,0.5,0.75,1,38.8,-97.65,
Credits,Yacht financing,360000,0,150,-50,Down,0.75,0.5,1,48.5,-122.33,
Credits,Business financing,50000,0,150,-50,Down,1,0.5,1,38.32,-88.86,
Credits,Short | medium | long-term credit,60000,0,150,-50,Down,0.75,1,1,33.65,-84.42,
Credits,Business financing,180000,0,150,-50,Down,0,0.25,1,40.67,-89.68,
Credits,Business financing,720000,0,150,-50,Down,0,0.75,1,39.78,-121.85,
Credits,Jet financing,280000,0,150,-50,Down,1,0,1,29.55,-89.67,
Net New Assets,New to Bank Clients,640000,0,150,-50,Down,0.75,0.25,1,41.5,-74.1,
Gross Revenue,DPM,180000,0,150,-50,Down,0.75,0.25,1,38.28,-76.4,
Gross Revenue,Advisory Services,120000,0,150,-50,Down,1,1,1,42.93,-78.73,
Gross Revenue,DPM,240000,0,150,-50,Down,0,0.75,1,32.85,-96.85,
Net New Assets,Increase in Assets,300000,0,150,-50,Down,1,1,1,40,-105.87,
Credits,Lombard loans,250000,0,150,-50,Down,0.5,1,1,35.67,-120.63,
Gross Revenue,Execution Services,160000,0,150,-50,Down,0,0.5,1,32.82,-116.97,
Credits,Mortgage loans,450000,0,150,-50,Down,0.75,0.25,1,33.97,-86.09,
Credits,Business financing,810000,0,150,-50,Down,0.5,0.25,1,45.7,-110.43,
Gross Revenue,Execution Services,280000,0,150,-50,Down,0.75,0.25,1,40.62,-93.93,
Gross Revenue,Execution Services,50000,0,150,-50,Down,0,0.75,1,33.3,-104.53,
Gross Revenue,Execution Services,630000,0,150,-50,Down,0,0.75,1,36.13,-76.5,
Credits,Business financing,210000,0,150,-50,Down,0,0.25,1,41.1,-92.45,
Gross Revenue,Execution Services,540000,0,150,-50,Down,1,0.5,1,41.68,-70.97,
Credits,Yacht financing,120000,0,150,-50,Down,1,0,1,45.13,-94.52,
Credits,Business financing,90000,0,150,-50,Down,1,0.75,1,36.97,-86.43,
Credits,Business financing,480000,0,150,-50,Down,0.75,0.25,1,43.2,-71.5,
Gross Revenue,Execution Services,640000,0,150,-50,Down,1,0,1,36.67,-87.5,
Gross Revenue,Execution Services,360000,0,150,-50,Down,0.5,0.5,1,28.45,-99.22,
Credits,Yacht financing,120000,0,150,-50,Down,0,0.75,1,41.62,-98.95,
Net New Assets,Increase in Assets,240000,0,150,-50,Down,0.75,0,1,38.12,-102.6,
Credits,Mortgage loans,80000,0,150,-50,Down,0,1,1,34.9,-76.88,
Net New Assets,Increase in Assets,100000,0,150,-50,Down,0.25,1,1,34.1,-105.68,
Net New Assets,Sale company,60000,0,150,-50,Down,0,1,1,42.48,-114.48,
Credits,Short | medium | long-term credit,320000,0,150,-50,Down,0.75,0,1,34.43,-100.28,
Credits,Short | medium | long-term credit,320000,0,150,-50,Down,0,0.25,1,47.28,-121.33,
Credits,Business financing,280000,0,150,-50,Down,0.75,0.75,1,32.22,-98.18,
Credits,Yacht financing,60000,0,150,-50,Down,0.25,0.25,1,46.27,-119.12,
Credits,Lombard loans,120000,0,150,-50,Down,0,0.75,1,34.92,-92.15,
Net New Assets,Sale company,240000,0,150,-50,Down,1,1,1,41.8,-78.63,
Credits,Mortgage loans,360000,0,150,-50,Down,0,0.75,1,33.42,-117.62,
Credits,Lombard loans,300000,0,150,-50,Down,1,0,1,44.77,-106.97,
Credits,Mortgage loans,560000,0,150,-50,Down,0.75,0.25,1,31.83,-104.8,
Net New Assets,Increase in Assets,240000,0,150,-50,Down,0.75,0.25,1,47.47,-87.85,
Net New Assets,Increase in Assets,360000,0,150,-50,Down,0.25,1,1,30.2,-97.68,
Credits,Short | medium | long-term credit,180000,0,150,-50,Down,1,0.75,1,41.67,-69.97,
Credits,Short | medium | long-term credit,160000,0,150,-50,Down,0.25,0.5,1,44.83,-93.47,
Credits,Lombard loans,540000,0,150,-50,Down,0,1,1,32.47,-93.82,
Net New Assets,Sale company,140000,0,150,-50,Down,1,0.5,1,40.5,-110.63,
Credits,Short | medium | long-term credit,540000,0,150,-50,Down,0.5,0.75,1,34.1,-117.23,
Credits,Jet financing,90000,0,150,-50,Down,0.75,1,1,41.22,-114.05,
Credits,Mortgage loans,810000,0,150,-50,Down,0.5,0.25,1,48.22,-123.67,
Credits,Mortgage loans,360000,0,150,-50,Down,0,0.75,1,34.27,-116.68,
Net New Assets,Increase in Assets,70000,0,150,-50,Down,0.5,0.75,1,33.78,-118.05,
Credits,Yacht financing,300000,0,150,-50,Down,0.25,0.25,1,40.37,-77.42,
Net New Assets,New to Bank Clients,400000,0,150,-50,Down,0.25,0.75,1,43.12,-77.67,
Gross Revenue,Execution Services,540000,0,150,-50,Down,0.5,0.75,1,33.52,-92.4,
Net New Assets,Increase in Assets,40000,0,150,-50,Down,0.75,0,1,37.08,-84.07,
Net New Assets,Increase in Assets,720000,0,150,-50,Down,0.5,1,1,41.7,-74.8,
Gross Revenue,Advisory Services,280000,0,150,-50,Down,0.5,0.75,1,48.12,-98.9,
Credits,Mortgage loans,540000,0,150,-50,Down,1,0,1,40.63,-120.95,
Gross Revenue,DPM,210000,0,150,-50,Down,0,0,1,38.99,-89.17,
Net New Assets,Sale company,540000,0,150,-50,Down,0,1,1,37.5,-76.2,
Credits,Lombard loans,360000,0,150,-50,Down,0.5,1,1,40.93,-90.43,
Net New Assets,New to Bank Clients,420000,0,150,-50,Down,0.75,0.75,1,42.53,-113.77,
Credits,Mortgage loans,160000,0,150,-50,Down,0.75,0,1,42.85,-73.93,
Net New Assets,New to Bank Clients,300000,0,150,-50,Down,0.75,1,1,35.2,-120.95,
Credits,Lombard loans,720000,0,150,-50,Down,0.5,1,1,38.13,-91.77,
Credits,Yacht financing,320000,0,150,-50,Down,1,0.25,1,47.72,-104.18,
Credits,Mortgage loans,160000,0,150,-50,Down,0,0.25,1,44.68,-111.12,
Net New Assets,New to Bank Clients,450000,0,150,-50,Down,1,0.75,1,39.12,-94.6,
Net New Assets,Sale company,80000,0,150,-50,Down,0.75,1,1,43.57,-116.22,
Gross Revenue,DPM,270000,0,150,-50,Down,0.5,0.5,1,45.55,-122.4,
Net New Assets,Sale company,320000,0,150,-50,Down,0.5,0,1,41.25,-76.92,
Gross Revenue,Execution Services,120000,0,150,-50,Down,0.75,0.25,1,40.5,-110.63,
Credits,Mortgage loans,350000,0,150,-50,Down,0.25,0.25,1,33.65,-101.82,
Credits,Mortgage loans,630000,0,150,-50,Down,0.5,0,1,36.13,-90.93,
Gross Revenue,Execution Services,300000,0,150,-50,Down,0,1,1,32.57,-116.98,
Net New Assets,New to Bank Clients,720000,0,150,-50,Down,1,0,1,38.12,-102.6,
Net New Assets,Sale company,810000,0,150,-50,Down,0.25,0,1,35.33,-117.1,
Gross Revenue,Advisory Services,30000,0,150,-50,Down,1,0.25,1,37.17,-94.5,
Gross Revenue,Advisory Services,280000,0,150,-50,Down,0.5,0.75,1,40.93,-90.43,
Credits,Short | medium | long-term credit,720000,0,150,-50,Down,1,1,1,42.22,-75.98,
Credits,Business financing,200000,0,150,-50,Down,1,0.5,1,38.07,-97.87,
Net New Assets,Increase in Assets,540000,0,150,-50,Down,0.25,0.25,1,39.9,-84.2,
Gross Revenue,Advisory Services,280000,0,150,-50,Down,0,0.5,1,41.12,-111.97,
Gross Revenue,Execution Services,450000,0,150,-50,Down,1,0.25,1,33.95,-81.12,
Gross Revenue,DPM,180000,0,150,-50,Down,0.25,1,1,38.51,-89.09,
Credits,Short | medium | long-term credit,300000,0,150,-50,Down,1,0.5,1,37.75,-89,
Gross Revenue,DPM,270000,0,150,-50,Down,0,0.25,1,41.37,-73.48,
Net New Assets,Increase in Assets,180000,0,150,-50,Down,0.75,0.5,1,41.02,-83.67,
Gross Revenue,Advisory Services,560000,0,150,-50,Down,0,0.5,1,39.21,-82.23,
Net New Assets,Sale company,250000,0,150,-50,Down,0.25,0.75,1,33.3,-111.67,
Gross Revenue,DPM,360000,0,150,-50,Down,0.75,0.25,1,39.28,-120.7,
Credits,Yacht financing,270000,0,150,-50,Down,0.75,0,1,32.32,-90.08,
Gross Revenue,Advisory Services,360000,0,150,-50,Down,0.25,0.25,1,38.95,-77.46,
Credits,Lombard loans,400000,0,150,-50,Down,0,0.25,1,29.57,-90.65,
Credits,Yacht financing,300000,0,150,-50,Down,0.75,0.25,1,47.92,-122.28,
Credits,Yacht financing,60000,0,150,-50,Down,0.5,0,1,34.35,-85.17,
Net New Assets,Sale company,350000,0,150,-50,Down,0.25,0.75,1,29.12,-81.57,
Credits,Yacht financing,360000,0,150,-50,Down,0.5,0.75,1,40.85,-77.83,
Credits,Business financing,720000,0,150,-50,Down,0.5,0.75,1,39.18,-76.67,
Net New Assets,New to Bank Clients,210000,0,150,-50,Down,1,1,1,37.65,-122.12,
Credits,Lombard loans,250000,0,150,-50,Down,1,0.25,1,40.77,-73.9,
Credits,Yacht financing,120000,0,150,-50,Down,0.25,0.75,1,34.9,-117.88,
Net New Assets,Increase in Assets,140000,0,150,-50,Down,0.25,0.25,1,44.45,-83.4,
Credits,Yacht financing,720000,0,150,-50,Down,1,0.75,1,48.57,-93.38,
Credits,Mortgage loans,280000,0,150,-50,Down,1,0.75,1,35.33,-117.1,
Credits,Yacht financing,210000,0,150,-50,Down,0,1,1,34.08,-118.03,
Credits,Jet financing,420000,0,150,-50,Down,0.75,0.75,1,35.9,-82.82,
Gross Revenue,Advisory Services,540000,0,150,-50,Down,0.5,0.25,1,45.7,-110.43,
Net New Assets,Increase in Assets,100000,0,150,-50,Down,0.5,1,1,42.15,-70.93,
Net New Assets,Increase in Assets,60000,0,150,-50,Down,1,0,1,31.78,-103.2,
Net New Assets,New to Bank Clients,480000,0,150,-50,Down,0.75,1,1,40.62,-116.87,
Credits,Mortgage loans,360000,0,150,-50,Down,0,0.5,1,39.65,-79.92,
Gross Revenue,Advisory Services,120000,0,150,-50,Down,0.5,0.5,1,38.13,-91.77,
Gross Revenue,DPM,160000,0,150,-50,Down,0.25,0.75,1,33.92,-84.52,
Credits,Business financing,270000,0,150,-50,Down,0.75,0,1,36.02,-89.4,
Gross Revenue,Execution Services,270000,0,150,-50,Down,0,1,1,43.4,-94.75,
Credits,Business financing,300000,0,150,-50,Down,0,0.25,1,33.78,-84.52,
Credits,Business financing,140000,0,150,-50,Down,0.5,0,1,40.78,-111.97,
Gross Revenue,DPM,810000,0,150,-50,Down,0.25,0.25,1,34.18,-79.72,
Credits,Lombard loans,150000,0,150,-50,Down,1,0.25,1,39.13,-75.47,
Net New Assets,New to Bank Clients,60000,0,150,-50,Down,0.25,0.75,1,41.25,-76.92,
Credits,Business financing,120000,0,150,-50,Down,0.75,1,1,27.97,-82.6,
Credits,Business financing,450000,0,150,-50,Down,0,0.75,1,42.42,-83.02,
Net New Assets,Sale company,60000,0,150,-50,Down,0.5,0,1,36.32,-119.4,
Net New Assets,Increase in Assets,100000,0,150,-50,Down,0.25,0.5,1,35.9,-82.82,
Gross Revenue,DPM,160000,0,150,-50,Down,0.25,1,1,45.07,-93.38,
Net New Assets,Sale company,420000,0,150,-50,Down,0.5,1,1,29.98,-90.25,
Net New Assets,New to Bank Clients,80000,0,150,-50,Down,0,0.25,1,44.45,-68.37,
Credits,Short | medium | long-term credit,630000,0,150,-50,Down,0,0.75,1,34.73,-118.22,
Credits,Jet financing,300000,0,150,-50,Down,0.25,0.5,1,42.15,-79.25,
Gross Revenue,Advisory Services,60000,0,150,-50,Down,0.25,0.75,1,32.33,-85,
Credits,Business financing,240000,0,150,-50,Down,0.25,1,1,40.82,-82.52,
Gross Revenue,Execution Services,150000,0,150,-50,Down,0.25,0.75,1,47.62,-117.65,
Gross Revenue,Execution Services,180000,0,150,-50,Down,1,0.25,1,46.48,-122.8,
Net New Assets,New to Bank Clients,360000,0,150,-50,Down,1,1,1,44.45,-83.4,
Credits,Mortgage loans,160000,0,150,-50,Down,0.5,0.5,1,40.78,-111.97,
Gross Revenue,Execution Services,540000,0,150,-50,Down,0.25,0.25,1,38.85,-94.55,
Net New Assets,Sale company,540000,0,150,-50,Down,0.5,1,1,45.63,-89.45,
Gross Revenue,Execution Services,420000,0,150,-50,Down,0,0.25,1,41.37,-73.48,
Gross Revenue,Execution Services,630000,0,150,-50,Down,1,0.25,1,46.57,-119.6,
Gross Revenue,DPM,450000,0,150,-50,Down,0,0.25,1,34.77,-114.62,
Gross Revenue,Advisory Services,120000,0,150,-50,Down,1,0.5,1,33.45,-88.58,
Gross Revenue,DPM,280000,0,150,-50,Down,1,1,1,34.73,-118.22,
Credits,Yacht financing,120000,0,150,-50,Down,0,0.75,1,48.93,-95.35,
Net New Assets,Sale company,90000,0,150,-50,Down,0.25,1,1,38.55,-106.92,
Net New Assets,Sale company,400000,0,150,-50,Down,0.5,0,1,41.73,-72.65,
Credits,Business financing,150000,0,150,-50,Down,0.25,0,1,37.45,-105.87,
Net New Assets,Increase in Assets,480000,0,150,-50,Down,0.75,0.5,1,44.48,-88.13,
Credits,Jet financing,400000,0,150,-50,Down,0,0.25,1,38.55,-118.63,
Gross Revenue,Advisory Services,160000,0,150,-50,Down,0.25,1,1,32.63,-106.4,
Net New Assets,New to Bank Clients,30000,0,150,-50,Down,0.5,0,1,48.6,-112.37,
Gross Revenue,Execution Services,90000,0,150,-50,Down,1,1,1,37.6,-118.6,
Credits,Short | medium | long-term credit,70000,0,150,-50,Down,0.75,0,1,42.85,-73.93,
Net New Assets,Sale company,60000,0,150,-50,Down,0,0.75,1,35.2,-120.95,
Net New Assets,Sale company,250000,0,150,-50,Down,0.5,0.5,1,47.33,-106.93,
Credits,Short | medium | long-term credit,810000,0,150,-50,Down,0.25,0.5,1,34.85,-82.35,
Credits,Jet financing,350000,0,150,-50,Down,0.25,0.75,1,43.6,-110.73,
Credits,Jet financing,240000,0,150,-50,Down,0.5,0.5,1,40.03,-124.07,
Gross Revenue,Execution Services,120000,0,150,-50,Down,0,0,1,30.53,-91.15,
Credits,Jet financing,360000,0,150,-50,Down,0.75,0.25,1,36,-121.32,
Credits,Jet financing,90000,0,150,-50,Down,1,0.25,1,30.63,-88.07,
Net New Assets,Sale company,540000,0,150,-50,Down,0,0,1,32.33,-88.75,
Net New Assets,Increase in Assets,400000,0,150,-50,Down,0.75,0,1,41.33,-75.73,
Net New Assets,Sale company,100000,0,150,-50,Down,0,0.25,1,39.38,-86.5,
Credits,Yacht financing,180000,0,150,-50,Down,0.5,0,1,44.55,-110.42,
Credits,Short | medium | long-term credit,280000,0,150,-50,Down,0.75,0.5,1,46.82,-95.88,
Credits,Mortgage loans,210000,0,150,-50,Down,1,0,1,46.35,-87.4,
Net New Assets,Sale company,400000,0,150,-50,Down,0.25,0,1,45.68,-118.85,
Gross Revenue,Advisory Services,630000,0,150,-50,Down,0.75,0,1,42.22,-75.98,
Net New Assets,Sale company,90000,0,150,-50,Down,0.5,0.75,1,41.6,-109.07,
Credits,Business financing,320000,0,150,-50,Down,0,0.5,1,40.22,-76.85,
Gross Revenue,DPM,400000,0,150,-50,Down,0.25,0.5,1,45.45,-98.43,
Gross Revenue,Execution Services,150000,0,150,-50,Down,0.75,0.75,1,30.68,-88.25,
Net New Assets,Increase in Assets,140000,0,150,-50,Down,1,1,1,41.07,-87.85,
Credits,Yacht financing,280000,0,150,-50,Down,1,1,1,43.68,-93.37,
Gross Revenue,Advisory Services,400000,0,150,-50,Down,0.5,0.5,1,39.28,-114.85,
Credits,Mortgage loans,70000,0,150,-50,Down,0.25,0.75,1,29.97,-95.35,
Gross Revenue,Advisory Services,720000,0,150,-50,Down,1,1,1,43.63,-72.3,
Net New Assets,Increase in Assets,80000,0,150,-50,Down,0.75,1,1,34.92,-81.96,
Net New Assets,Sale company,210000,0,150,-50,Down,0.25,0.25,1,43.77,-103.6,
Gross Revenue,Execution Services,270000,0,150,-50,Down,0.75,1,1,41.18,-112.02,
Credits,Yacht financing,80000,0,150,-50,Down,0.25,0.25,1,37.62,-114.52,
Credits,Mortgage loans,70000,0,150,-50,Down,0.75,0.25,1,37.45,-105.87,
Credits,Jet financing,240000,0,150,-50,Down,1,0,1,39.08,-76.77,
Gross Revenue,Execution Services,540000,0,150,-50,Down,0.75,0,1,37.48,-82.52,
Net New Assets,Increase in Assets,720000,0,150,-50,Down,0.75,1,1,37.05,-100.97,
Net New Assets,Increase in Assets,200000,0,150,-50,Down,1,0.75,1,32.9,-87.25,
Net New Assets,Increase in Assets,300000,0,150,-50,Down,0.75,0.75,1,42.18,-120.35,
Credits,Yacht financing,40000,0,150,-50,Down,0.5,0,1,42.23,-85.55,
Credits,Short | medium | long-term credit,280000,0,150,-50,Down,0.5,1,1,40.32,-96.75,
Credits,Lombard loans,120000,0,150,-50,Down,0.75,0.75,1,32.85,-114.4,
Net New Assets,Sale company,320000,0,150,-50,Down,0.5,0,1,36.97,-86.43,
Credits,Short | medium | long-term credit,280000,0,150,-50,Down,0,1,1,34.3,-97.02,
Credits,Business financing,240000,0,150,-50,Down,1,1,1,33.87,-117.97,
Gross Revenue,Execution Services,200000,0,150,-50,Down,0.5,1,1,46.82,-95.88,
Gross Revenue,Advisory Services,140000,0,150,-50,Down,0,0,1,33.87,-117.97,
Gross Revenue,Advisory Services,240000,0,150,-50,Down,0.25,1,1,39.13,-75.47,
Credits,Mortgage loans,360000,0,150,-50,Down,0.5,0.75,1,45.62,-121.15,
Gross Revenue,Execution Services,120000,0,150,-50,Down,0.5,0.25,1,38.57,-90.15,
Gross Revenue,Advisory Services,420000,0,150,-50,Down,1,1,1,37.45,-105.87,
Credits,Yacht financing,70000,0,150,-50,Down,1,1,1,36.08,-115.17,
Gross Revenue,Execution Services,90000,0,150,-50,Down,1,0,1,41.25,-70.07,
Gross Revenue,DPM,320000,0,150,-50,Down,0,0.25,1,44.38,-74.2,
Gross Revenue,DPM,140000,0,150,-50,Down,0,0.5,1,43.12,-88.05,
Gross Revenue,DPM,50000,0,150,-50,Down,0.25,1,1,42.48,-76.47,
Gross Revenue,DPM,350000,0,150,-50,Down,0.75,0.75,1,42.15,-70.93,
Credits,Yacht financing,320000,0,150,-50,Down,0.25,0,1,39.83,-84.05,
Credits,Lombard loans,350000,0,150,-50,Down,1,0.25,1,36.02,-89.4,
Credits,Business financing,210000,0,150,-50,Down,0.5,0,1,34.95,-121.12,
Credits,Lombard loans,250000,0,150,-50,Down,0.75,0.25,1,42.4,-96.38,
Credits,Business financing,240000,0,150,-50,Down,0.5,0,1,43.05,-108.45,
Gross Revenue,Execution Services,150000,0,150,-50,Down,0,0.5,1,41.3,-72.08,
Net New Assets,Sale company,60000,0,150,-50,Down,0.25,0.25,1,32.33,-88.75,
Gross Revenue,Execution Services,160000,0,150,-50,Down,0.5,1,1,45.62,-121.15,
Gross Revenue,DPM,360000,0,150,-50,Down,0.25,0,1,39.93,-91.2,
Net New Assets,Sale company,60000,0,150,-50,Down,0.5,0.75,1,39.88,-75.25,
Credits,Lombard loans,420000,0,150,-50,Down,1,0.25,1,35.97,-89.95,
Net New Assets,New to Bank Clients,90000,0,150,-50,Down,1,0.25,1,33.3,-111.67,
Net New Assets,Increase in Assets,30000,0,150,-50,Down,0.75,0.75,1,31.37,-100.5,
Credits,Yacht financing,400000,0,150,-50,Down,0,0.25,1,38.67,-121.4,
Credits,Jet financing,640000,0,150,-50,Down,0.25,1,1,37.73,-122.22,
Net New Assets,Increase in Assets,60000,0,150,-50,Down,0.75,0.25,1,41.67,-69.97,
Net New Assets,Increase in Assets,450000,0,150,-50,Down,0.5,0.75,1,44.05,-75.73,
Gross Revenue,Advisory Services,160000,0,150,-50,Down,1,0.25,1,39.72,-104.75,
Gross Revenue,DPM,180000,0,150,-50,Down,0.25,0.5,1,35.95,-85.08,
Credits,Jet financing,360000,0,150,-50,Down,0.5,0.5,1,32.33,-104.27,
Credits,Mortgage loans,360000,0,150,-50,Down,0.25,0.5,1,33.87,-117.97,
Net New Assets,New to Bank Clients,80000,0,150,-50,Down,0.5,0,1,42.48,-76.47,
Credits,Jet financing,400000,0,150,-50,Down,0.5,0.25,1,38.55,-89.85,
Credits,Lombard loans,120000,0,150,-50,Down,0.25,0,1,35.88,-106.28,
Credits,Jet financing,490000,0,150,-50,Down,0.5,1,1,45.6,-122.6,
Gross Revenue,DPM,280000,0,150,-50,Down,0.5,1,1,43.63,-72.3,
Net New Assets,New to Bank Clients,150000,0,150,-50,Down,0,0,1,32.48,-80.72,
Net New Assets,Sale company,630000,0,150,-50,Down,1,0.5,1,41.45,-90.52,
Net New Assets,New to Bank Clients,50000,0,150,-50,Down,0.75,0.75,1,40.85,-72.63,
Credits,Jet financing,70000,0,150,-50,Down,0.5,0.25,1,36.02,-89.4,
Credits,Jet financing,150000,0,150,-50,Down,0.75,1,1,43.65,-70.32,
Net New Assets,Increase in Assets,60000,0,150,-50,Down,0.75,0.5,1,41.93,-72.68,
Net New Assets,Sale company,70000,0,150,-50,Down,0.75,1,1,43.05,-108.45,
Credits,Mortgage loans,150000,0,150,-50,Down,0,0.25,1,37.23,-89.58,
Credits,Business financing,360000,0,150,-50,Down,0.5,1,1,35.83,-90.65,
Gross Revenue,Advisory Services,630000,0,150,-50,Down,1,1,1,40,-105.87,
Credits,Short | medium | long-term credit,360000,0,150,-50,Down,0,0.5,1,42.26,-73.18,
Net New Assets,Sale company,450000,0,150,-50,Down,0.25,0.5,1,44.92,-97.15,
Gross Revenue,DPM,50000,0,150,-50,Down,1,0.5,1,37.33,-121.82,
Credits,Short | medium | long-term credit,240000,0,150,-50,Down,0.5,1,1,34.43,-100.28,
Credits,Jet financing,90000,0,150,-50,Down,1,0.75,1,35.23,-120.65,
Gross Revenue,Execution Services,300000,0,150,-50,Down,0.5,1,1,34.92,-81.96,
Gross Revenue,Execution Services,140000,0,150,-50,Down,0.75,0.25,1,37.23,-93.38,
Gross Revenue,Execution Services,120000,0,150,-50,Down,0.25,0.75,1,41.67,-69.97,
Credits,Short | medium | long-term credit,160000,0,150,-50,Down,1,0,1,41.32,-122.32,
Credits,Jet financing,120000,0,150,-50,Down,0,0.75,1,40.62,-93.93,
Credits,Yacht financing,80000,0,150,-50,Down,0.25,0.5,1,39.85,-89.67,
Gross Revenue,Execution Services,420000,0,150,-50,Down,0,0.25,1,35.53,-97.65,
Credits,Jet financing,80000,0,150,-50,Down,0.25,1,1,34.35,-85.17,
Net New Assets,New to Bank Clients,30000,0,150,-50,Down,0.5,0.75,1,41.92,-88.25,
Gross Revenue,Advisory Services,300000,0,150,-50,Down,0.75,1,1,48.12,-98.9,
Net New Assets,Increase in Assets,480000,0,150,-50,Down,0.25,1,1,37.75,-122.68,
Net New Assets,Sale company,150000,0,150,-50,Down,0,0.25,1,46.1,-118.28,
Credits,Mortgage loans,360000,0,150,-50,Down,1,0.5,1,32.65,-114.62,
Credits,Jet financing,50000,0,150,-50,Down,0,0.25,1,34.65,-86.77,
Gross Revenue,Advisory Services,90000,0,150,-50,Down,0.25,1,1,30.78,-83.28,
Credits,Yacht financing,630000,0,150,-50,Down,0,0.25,1,37.93,-100.72,
Gross Revenue,Execution Services,40000,0,150,-50,Down,0,1,1,38.85,-94.55,
Gross Revenue,Advisory Services,400000,0,150,-50,Down,0.5,0.5,1,48.22,-106.62,
Credits,Jet financing,250000,0,150,-50,Down,0.5,0.75,1,41.8,-78.63,
Gross Revenue,Execution Services,810000,0,150,-50,Down,0,0,1,38.5,-77.3,
Credits,Mortgage loans,160000,0,150,-50,Down,0.75,0.5,1,37.7,-121.82,
Gross Revenue,DPM,250000,0,150,-50,Down,0.25,0,1,34.57,-98.42,
Net New Assets,New to Bank Clients,240000,0,150,-50,Down,0,0.5,1,35.25,-75.5,
Net New Assets,Sale company,240000,0,150,-50,Down,0.5,1,1,42.57,-110.1,
Net New Assets,Sale company,150000,0,150,-50,Down,0.25,0,1,40.9,-117.8,
Credits,Jet financing,150000,0,150,-50,Down,0.75,0.25,1,35.67,-121.28,
Credits,Short | medium | long-term credit,150000,0,150,-50,Down,0.75,0.5,1,42.57,-110.1,
Credits,Jet financing,320000,0,150,-50,Down,0.75,0,1,42.58,-99.98,
Gross Revenue,DPM,240000,0,150,-50,Down,1,1,1,40.9,-117.8,
Gross Revenue,Advisory Services,180000,0,150,-50,Down,0.75,1,1,48.57,-93.38,
Net New Assets,New to Bank Clients,240000,0,150,-50,Down,1,0.5,1,40.2,-112.93,
Credits,Mortgage loans,150000,0,150,-50,Down,1,0.5,1,35.43,-82.55,
Credits,Short | medium | long-term credit,320000,0,150,-50,Down,0.75,0.75,1,34.77,-114.62,
Credits,Short | medium | long-term credit,90000,0,150,-50,Down,0.25,0.5,1,31.23,-94.75,
Credits,Short | medium | long-term credit,400000,0,150,-50,Down,0.25,0.5,1,46.13,-67.78,
Credits,Mortgage loans,80000,0,150,-50,Down,0.25,0,1,33.65,-84.42,
Gross Revenue,Advisory Services,180000,0,150,-50,Down,0.5,0.75,1,48.12,-123.5,
Net New Assets,New to Bank Clients,240000,0,150,-50,Down,0.5,0.75,1,34.82,-77.62,
Gross Revenue,Advisory Services,450000,0,150,-50,Down,0.5,0.75,1,43.68,-93.37,
Credits,Mortgage loans,90000,0,150,-50,Down,0.75,0.25,1,37.93,-100.72,
Credits,Short | medium | long-term credit,720000,0,150,-50,Down,0.75,0.25,1,35.24,-79.39,
Credits,Yacht financing,270000,0,150,-50,Down,0.25,0,1,37.62,-122.38,
Credits,Yacht financing,180000,0,150,-50,Down,0.25,0,1,36.62,-87.42,
Gross Revenue,Advisory Services,420000,0,150,-50,Down,1,0.5,1,35.2,-120.95,
Net New Assets,New to Bank Clients,450000,0,150,-50,Down,0.25,0.75,1,36.3,-99.77,
Net New Assets,New to Bank Clients,200000,0,150,-50,Down,0.5,0.25,1,26.23,-97.67,
Net New Assets,New to Bank Clients,360000,0,150,-50,Down,0.5,0.75,1,40.37,-77.42,
Gross Revenue,DPM,90000,0,150,-50,Down,0.5,0.25,1,32.57,-116.98,
Credits,Yacht financing,810000,0,150,-50,Down,0,0.75,1,33.6,-102.05,
Gross Revenue,DPM,80000,0,150,-50,Down,0.25,0.5,1,40.43,-104.63,
Net New Assets,New to Bank Clients,450000,0,150,-50,Down,0.5,0.25,1,31.07,-97.83,
Credits,Business financing,270000,0,150,-50,Down,0.75,0.75,1,40.78,-111.97,
Credits,Short | medium | long-term credit,240000,0,150,-50,Down,0.5,0.25,1,32.43,-99.85,
Credits,Mortgage loans,150000,0,150,-50,Down,0.25,0.25,1,35.33,-77.97,
Credits,Business financing,360000,0,150,-50,Down,0.5,0.25,1,48.1,-105.58,
Gross Revenue,Execution Services,250000,0,150,-50,Down,1,1,1,45.6,-122.6,
Gross Revenue,Advisory Services,150000,0,150,-50,Down,0.75,0.75,1,36.75,-108.23,
Credits,Short | medium | long-term credit,30000,0,150,-50,Down,0.75,0.25,1,41.3,-72.08,
Gross Revenue,Advisory Services,450000,0,150,-50,Down,0,1,1,33.68,-112.08,
Net New Assets,New to Bank Clients,480000,0,150,-50,Down,0.5,0.75,1,35.05,-118.13,
Credits,Jet financing,480000,0,150,-50,Down,1,0.75,1,34.75,-118.73,
Gross Revenue,Execution Services,140000,0,150,-50,Down,1,0.75,1,33.88,-84.3,
Gross Revenue,Execution Services,240000,0,150,-50,Down,1,0.25,1,45.25,-112.55,
Net New Assets,Sale company,240000,0,150,-50,Down,0.25,0.5,1,38.55,-106.92,
Credits,Yacht financing,320000,0,150,-50,Down,0.25,0.5,1,33.65,-84.42,
Credits,Yacht financing,30000,0,150,-50,Down,0.25,1,1,41.3,-95.9,
Credits,Mortgage loans,90000,0,150,-50,Down,0.25,0.5,1,45.93,-102.17,
Credits,Mortgage loans,420000,0,150,-50,Down,0.25,0.5,1,31.15,-97.72,
Credits,Jet financing,480000,0,150,-50,Down,1,1,1,47.5,-94.93,
Credits,Lombard loans,450000,0,150,-50,Down,0.5,0.75,1,34.07,-106.9,
Credits,Lombard loans,270000,0,150,-50,Down,0.25,0,1,31.88,-81.57,
Net New Assets,New to Bank Clients,810000,0,150,-50,Down,0,0,1,38.32,-88.86,
Credits,Mortgage loans,70000,0,150,-50,Down,0,0,1,37.13,-76.62,
Gross Revenue,DPM,180000,0,150,-50,Down,0.5,1,1,34.43,-100.28,
Gross Revenue,Advisory Services,210000,0,150,-50,Down,0.75,0,1,29.83,-90.02,
Net New Assets,New to Bank Clients,560000,0,150,-50,Down,0.75,0,1,30.97,-83.2,
Credits,Jet financing,60000,0,150,-50,Down,0.25,0,1,47.2,-119.32,
Credits,Short | medium | long-term credit,120000,0,150,-50,Down,0.75,0.5,1,37.75,-122.68,
Credits,Mortgage loans,160000,0,150,-50,Down,0,1,1,37.78,-122.32,
Net New Assets,New to Bank Clients,560000,0,150,-50,Down,0.25,0.75,1,39.15,-96.67,
Credits,Business financing,300000,0,150,-50,Down,0.75,0.25,1,43.57,-71.43,
Net New Assets,Sale company,200000,0,150,-50,Down,1,1,1,38.05,-103.52,
Net New Assets,Increase in Assets,210000,0,150,-50,Down,0.25,1,1,43.13,-89.33,
Credits,Yacht financing,450000,0,150,-50,Down,0.5,1,1,48.42,-101.35,
Credits,Jet financing,480000,0,150,-50,Down,1,0.75,1,46.6,-94.32,
Credits,Yacht financing,120000,0,150,-50,Down,1,0.25,1,46.78,-102.8,
Credits,Jet financing,420000,0,150,-50,Down,0.5,0.5,1,39.55,-97.65,
Credits,Yacht financing,480000,0,150,-50,Down,1,0,1,39.12,-108.53,
Net New Assets,Increase in Assets,100000,0,150,-50,Down,0.75,1,1,38.05,-85,
Gross Revenue,Execution Services,80000,0,150,-50,Down,0.75,1,1,36.23,-115.03,
Credits,Lombard loans,140000,0,150,-50,Down,0.25,0.25,1,40.28,-74.28,
Credits,Jet financing,70000,0,150,-50,Down,0,1,1,48.1,-105.58,
Credits,Mortgage loans,60000,0,150,-50,Down,0.75,0.75,1,37.13,-76.5,
Gross Revenue,Execution Services,200000,0,150,-50,Down,0.75,0,1,39.57,-104.83,
Gross Revenue,DPM,420000,0,150,-50,Down,0.75,0.75,1,33.65,-101.82,
Net New Assets,Sale company,480000,0,150,-50,Down,0.5,0.75,1,34.39,-89.54,
Credits,Yacht financing,350000,0,150,-50,Down,0.75,0,1,28.52,-80.8,
Gross Revenue,Advisory Services,490000,0,150,-50,Down,0,0.75,1,37.65,-97.43,
Credits,Lombard loans,240000,0,150,-50,Down,0.25,1,1,40.28,-74.82,
Credits,Short | medium | long-term credit,90000,0,150,-50,Down,0.5,1,1,34.43,-119.83,
Net New Assets,Increase in Assets,420000,0,150,-50,Down,0.25,0.75,1,44.63,-124.05,
Credits,Mortgage loans,400000,0,150,-50,Down,0,0.25,1,47.58,-90.83,
Gross Revenue,Advisory Services,280000,0,150,-50,Down,0.75,1,1,41.73,-122.53,
Net New Assets,Increase in Assets,180000,0,150,-50,Down,1,0.75,1,42.15,-121.73,
Credits,Jet financing,350000,0,150,-50,Down,0.75,1,1,47.53,-122.3,
Credits,Yacht financing,90000,0,150,-50,Down,1,1,1,33.78,-118.05,
Net New Assets,Increase in Assets,80000,0,150,-50,Down,0.5,0.75,1,28.03,-95.87,
Credits,Business financing,320000,0,150,-50,Down,0.75,0.25,1,45.53,-100.43,
Net New Assets,Increase in Assets,270000,0,150,-50,Down,0.25,0.25,1,43.12,-77.67,
Net New Assets,New to Bank Clients,810000,0,150,-50,Down,0,0.75,1,40.93,-90.43,
Credits,Short | medium | long-term credit,630000,0,150,-50,Down,0.75,0.75,1,41.17,-71.58,
Credits,Jet financing,320000,0,150,-50,Down,1,0,1,32.82,-109.68,
Net New Assets,Increase in Assets,150000,0,150,-50,Down,1,0.5,1,37.78,-122.32,
Credits,Short | medium | long-term credit,400000,0,150,-50,Down,0.75,0.75,1,42.62,-89.03,
Credits,Short | medium | long-term credit,70000,0,150,-50,Down,1,0.5,1,37,-101.88,
Gross Revenue,Advisory Services,140000,0,150,-50,Down,0.5,0,1,37.62,-122.38,
Net New Assets,Sale company,350000,0,150,-50,Down,0.5,0,1,36.33,-119.95,
Credits,Jet financing,360000,0,150,-50,Down,0.25,0,1,45.82,-88.12,
Gross Revenue,Advisory Services,810000,0,150,-50,Down,0.5,0.25,1,41.27,-80.67,
Gross Revenue,DPM,540000,0,150,-50,Down,1,0.5,1,36.27,-93.15,
Credits,Mortgage loans,630000,0,150,-50,Down,0,0.75,1,34.65,-86.77,
Credits,Business financing,150000,0,150,-50,Down,0.5,1,1,35.08,-77.05,
Credits,Lombard loans,150000,0,150,-50,Down,0,1,1,33.65,-88.45,
Credits,Yacht financing,60000,0,150,-50,Down,0.75,0,1,41.88,-91.7,
Credits,Short | medium | long-term credit,80000,0,150,-50,Down,0.25,0.25,1,30.35,-89.82,
Gross Revenue,Execution Services,720000,0,150,-50,Down,1,0,1,44.32,-69.8,
Net New Assets,New to Bank Clients,90000,0,150,-50,Down,0.5,0.75,1,36.27,-93.15,
Gross Revenue,Advisory Services,360000,0,150,-50,Down,0.75,1,1,31.15,-81.38,
Net New Assets,Increase in Assets,450000,0,150,-50,Down,1,0.25,1,42.4,-96.38,
Gross Revenue,DPM,320000,0,150,-50,Down,1,1,1,44.32,-69.8,
Gross Revenue,Advisory Services,270000,0,150,-50,Down,1,0.5,1,32.33,-104.27,
Gross Revenue,DPM,40000,0,150,-50,Down,1,1,1,31.08,-97.68,
Net New Assets,Increase in Assets,80000,0,150,-50,Down,0.5,0.25,1,38.07,-97.87,
Credits,Mortgage loans,180000,0,150,-50,Down,1,0,1,31.53,-84.18,
Gross Revenue,Execution Services,720000,0,150,-50,Down,0.5,0.75,1,38.85,-94.55,
Credits,Mortgage loans,210000,0,150,-50,Down,0.25,0,1,32.65,-114.62,
Credits,Jet financing,180000,0,150,-50,Down,0.5,0.5,1,26.13,-81.8,
Net New Assets,Sale company,480000,0,150,-50,Down,0,1,1,44.05,-101.6,
Credits,Business financing,350000,0,150,-50,Down,0.75,0.5,1,42.23,-85.55,
Credits,Jet financing,280000,0,150,-50,Down,1,0.75,1,35.66,-95.36,
Credits,Short | medium | long-term credit,240000,0,150,-50,Down,1,0.5,1,47.75,-101.83,
Gross Revenue,DPM,280000,0,150,-50,Down,0.5,0.5,1,36.33,-97.92,
Net New Assets,Sale company,240000,0,150,-50,Down,0.5,0.75,1,33.02,-118.58,
Credits,Jet financing,720000,0,150,-50,Down,1,0.5,1,35.87,-78.78,
Credits,Mortgage loans,240000,0,150,-50,Down,0.75,1,1,41.33,-75.73,
Credits,Business financing,720000,0,150,-50,Down,0.5,0.25,1,28.78,-81.25,
Net New Assets,Sale company,200000,0,150,-50,Down,0.5,0,1,43.87,-91.25,
Gross Revenue,DPM,420000,0,150,-50,Down,0,0,1,48.42,-101.35,
Gross Revenue,Execution Services,240000,0,150,-50,Down,0.75,1,1,40,-82.88,
Credits,Business financing,300000,0,150,-50,Down,0,1,1,40.27,-79.09,
Gross Revenue,DPM,420000,0,150,-50,Down,0,0.25,1,39.85,-89.67,
Gross Revenue,Advisory Services,140000,0,150,-50,Down,0.25,0.5,1,25.65,-80.43,
Net New Assets,New to Bank Clients,210000,0,150,-50,Down,0,0.5,1,43,-115.17,
Net New Assets,Increase in Assets,250000,0,150,-50,Down,0,0.75,1,41.57,-81.48,
Credits,Business financing,300000,0,150,-50,Down,0.25,0.5,1,40.48,-106.82,
Credits,Yacht financing,420000,0,150,-50,Down,0.5,0.5,1,36.93,-111.45,
Credits,Business financing,180000,0,150,-50,Down,1,0.75,1,37.33,-79.2,
Credits,Lombard loans,280000,0,150,-50,Down,1,0.75,1,37.33,-121.82,
Gross Revenue,Execution Services,240000,0,150,-50,Down,1,1,1,41.27,-80.67,
Credits,Yacht financing,280000,0,150,-50,Down,0,0,1,33.67,-117.88,
Credits,Jet financing,350000,0,150,-50,Down,0.5,0.25,1,41.72,-86,